CRIM,ZN,INDUS,CHAS,NOX,RM,AGE,DIS,RAD,TAX,PTRATIO,B,LSTAT,House_Price
1.4078,80.0,14.77,0,0.52,6.443,27.2,7.9972,1,682,12.9,379.75,11.99,30.1
9.03036,25.0,13.68,0,0.773,7.958,72.5,2.812,16,424,19.0,334.43,30.29,22.3
3.95024,60.0,1.21,0,0.869,4.912,4.8,5.7281,5,657,12.5,392.55,4.68,24.6
2.73883,95.0,9.88,1,0.395,6.177,38.8,4.1598,3,488,12.6,260.86,31.44,14.1
0.50887,95.0,10.96,0,0.82,6.648,63.4,9.1047,23,410,15.1,294.29,25.99,19.9
0.50879,18.0,11.47,0,0.685,6.286,16.3,5.9876,10,562,21.0,279.03,4.25,31.8
0.17952,95.0,16.45,0,0.857,6.121,82.7,11.8821,19,334,18.4,333.08,26.27,24.3
6.03369,80.0,15.17,0,0.608,5.291,25.0,1.6022,5,354,19.7,307.42,22.48,22.4
2.75725,40.0,17.22,0,0.795,6.363,65.9,4.9052,7,294,13.4,273.59,23.0,29.0
3.69375,0.0,21.53,0,0.411,5.67,41.7,6.3009,14,569,20.3,346.41,11.76,27.5
0.0624,80.0,22.86,0,0.544,4.667,60.4,6.5345,3,490,12.1,330.44,10.86,23.8
10.51067,40.0,20.25,0,0.413,7.036,12.5,4.4753,13,479,14.1,291.21,29.21,23.4
5.35929,60.0,26.78,0,0.858,6.871,3.7,9.0216,13,197,18.2,321.97,10.5,32.9
0.71606,95.0,1.0,0,0.78,6.236,91.1,10.6222,10,191,15.8,361.86,17.51,21.2
0.60204,60.0,5.88,0,0.798,6.36,28.4,11.3259,2,583,21.8,280.79,26.71,27.7
0.60783,95.0,0.71,0,0.84,6.952,82.3,9.856,6,411,12.3,293.94,3.95,29.9
1.08826,0.0,18.31,0,0.422,6.357,99.9,10.3564,8,457,22.0,301.92,23.0,27.2
2.23178,12.5,25.2,0,0.569,6.833,22.7,7.056,4,532,18.2,362.01,22.81,25.8
1.69661,0.0,7.2,0,0.415,5.992,28.0,10.0848,12,482,17.6,377.04,26.32,17.3
1.03267,25.0,25.99,0,0.483,7.118,67.0,4.3385,15,649,12.6,306.46,14.69,32.6
2.83911,80.0,2.16,0,0.492,6.425,96.6,5.3833,8,256,14.7,294.49,17.61,26.1
0.4507,18.0,26.2,0,0.61,6.336,91.7,4.486,7,700,21.2,383.42,13.21,26.6
1.03655,12.5,10.17,0,0.512,5.311,51.3,6.1413,14,203,15.5,399.9,30.9,11.5
1.36883,0.0,3.29,0,0.429,6.401,79.9,4.1414,23,194,18.6,350.55,5.83,28.1
1.8268,40.0,13.86,0,0.462,5.618,15.3,11.5777,19,704,22.0,398.5,36.63,12.1
4.61381,12.5,7.56,0,0.452,5.753,97.8,4.4413,14,526,14.6,348.99,24.49,18.9
0.66821,80.0,8.33,0,0.857,5.629,96.5,2.0785,22,351,17.8,360.02,33.82,11.9
2.16609,95.0,8.95,1,0.752,5.454,18.0,6.795,13,506,19.0,308.3,16.77,23.2
2.69251,12.5,22.58,0,0.854,7.687,31.3,1.6281,21,664,13.6,314.95,13.29,30.5
0.14269,95.0,15.33,1,0.595,7.132,11.8,2.216,1,668,13.5,271.62,34.33,22.4
2.806,80.0,9.06,0,0.516,7.544,28.6,3.4133,19,641,16.6,373.41,4.66,41.1
0.56088,0.0,17.28,0,0.771,5.344,82.0,6.1079,1,557,15.9,389.66,5.33,29.5
0.20179,80.0,20.19,0,0.54,6.25,39.1,5.7658,4,343,19.1,343.52,12.08,28.6
8.92106,12.5,8.0,0,0.527,5.295,10.7,9.7966,10,551,12.7,301.55,36.51,10.0
10.11189,40.0,11.87,0,0.494,5.713,35.5,9.1342,3,603,21.7,273.1,24.42,23.5
4.95699,60.0,3.85,0,0.444,5.557,98.2,5.6895,20,656,12.1,289.77,21.51,20.1
1.08986,12.5,5.48,0,0.506,7.068,63.7,4.6707,9,561,18.0,288.31,27.1,32.0
0.30833,80.0,19.23,0,0.554,5.923,42.8,4.4812,3,334,17.6,342.03,16.45,21.9
3.45825,60.0,5.49,0,0.71,6.948,18.3,9.5139,6,436,13.3,391.76,29.05,23.6
1.74027,80.0,14.94,0,0.411,6.623,98.6,1.5728,6,247,13.5,257.24,15.55,32.7
0.39046,40.0,20.0,0,0.483,7.813,82.4,1.141,23,523,19.9,250.15,31.58,23.3
2.05064,80.0,3.44,0,0.776,5.164,29.6,9.751,12,456,20.9,340.03,10.89,24.2
0.10498,0.0,16.1,0,0.452,7.081,8.9,6.2486,23,570,14.8,292.61,11.27,34.6
7.20127,18.0,7.56,0,0.548,7.003,7.5,2.4397,1,628,16.4,382.08,20.33,27.9
0.89837,95.0,26.98,0,0.804,5.519,13.8,3.5912,16,438,15.5,299.09,16.94,25.2
3.25877,95.0,13.8,0,0.456,6.905,58.9,11.2575,24,486,12.7,293.46,24.98,28.1
1.12064,12.5,22.66,0,0.421,6.435,93.0,10.4545,5,274,18.7,290.43,14.48,27.3
2.20233,18.0,15.63,0,0.617,6.041,50.7,8.8076,9,643,20.3,271.73,9.53,33.4
2.37367,80.0,1.69,0,0.528,5.623,84.6,6.3045,10,425,15.0,337.23,18.38,17.8
0.61317,40.0,17.91,0,0.656,5.697,45.7,6.7236,13,366,21.9,275.23,21.76,25.0
10.47842,12.5,26.66,0,0.774,7.635,71.4,11.7277,15,552,12.8,313.69,6.28,39.3
4.47674,80.0,17.04,0,0.447,6.2,73.7,11.6235,12,585,18.6,319.15,21.6,21.0
8.41528,60.0,23.03,0,0.665,6.747,19.0,3.368,5,587,16.5,253.07,12.81,25.0
6.75646,25.0,24.82,1,0.628,5.646,37.4,9.9222,5,304,16.5,252.52,15.52,23.1
2.73316,80.0,6.77,0,0.451,5.654,64.5,3.1697,18,516,16.6,328.03,11.33,27.8
7.64831,18.0,6.33,1,0.686,6.957,8.9,3.3489,12,520,14.6,354.41,35.46,17.9
0.27797,12.5,17.3,0,0.514,5.255,37.4,8.437,3,357,19.2,391.32,26.28,19.3
0.6544,18.0,11.8,0,0.619,5.909,54.4,5.455,7,349,19.2,276.87,10.71,34.0
0.13885,12.5,23.6,0,0.42,6.224,99.6,11.247,17,218,14.8,265.49,24.87,18.3
1.1806,80.0,25.25,0,0.605,6.278,48.5,1.9791,19,248,20.4,257.81,32.4,12.9
1.47639,0.0,10.22,0,0.53,6.075,82.0,6.6268,18,415,15.2,315.41,15.86,25.9
0.94968,60.0,7.01,0,0.783,6.477,44.3,11.1037,1,560,19.3,343.47,31.71,17.9
5.29367,80.0,21.96,0,0.408,6.685,80.0,10.9453,24,236,13.2,376.08,6.71,31.2
1.32368,95.0,8.06,0,0.585,6.714,60.4,2.7218,5,456,13.7,352.4,31.44,24.7
0.98941,18.0,23.12,0,0.605,5.51,88.9,5.033,2,278,15.2,281.25,20.99,21.0
2.34722,25.0,12.15,0,0.735,6.001,42.3,7.8103,1,706,17.9,319.27,9.25,28.9
0.45569,25.0,18.86,0,0.661,7.036,61.2,2.7533,7,504,18.5,386.55,16.06,28.7
4.86145,40.0,3.13,0,0.707,6.826,63.7,11.6482,11,640,16.0,299.01,37.56,17.7
0.23243,12.5,17.66,0,0.761,5.239,42.9,11.0622,11,358,12.8,324.81,29.99,16.7
13.00244,18.0,12.92,0,0.802,6.446,16.1,2.8365,18,298,15.7,393.78,22.28,31.0
4.43845,40.0,16.63,0,0.534,4.815,11.2,2.3327,17,648,18.9,360.21,5.26,26.8
0.66462,18.0,5.12,0,0.644,6.233,3.6,1.9395,2,634,18.7,362.16,16.46,30.1
0.01661,95.0,20.76,0,0.792,7.528,87.6,11.0039,7,205,13.6,287.85,10.73,35.3
5.06969,12.5,24.23,0,0.865,5.536,25.2,3.1299,7,669,12.1,312.2,3.63,23.5
3.68129,80.0,6.46,0,0.816,5.616,22.7,5.5791,10,187,19.5,262.35,21.06,19.7
3.91699,80.0,3.13,0,0.562,6.735,74.1,5.9374,22,695,13.1,340.98,33.9,20.2
4.42564,25.0,1.15,1,0.476,5.12,33.4,7.5891,21,712,12.8,265.56,26.0,19.0
0.23079,80.0,18.15,0,0.62,5.757,51.6,1.7891,3,328,12.0,375.39,10.24,28.5
1.33168,80.0,17.2,0,0.743,6.618,17.9,3.4943,12,667,16.3,372.18,22.22,27.9
0.36945,95.0,15.53,0,0.621,5.756,96.1,11.2464,3,204,17.0,330.04,35.9,10.6
5.96559,0.0,6.88,0,0.617,6.035,85.5,10.9925,11,604,18.4,271.17,27.75,19.5
2.9289,25.0,11.25,0,0.791,6.721,86.7,9.5942,12,472,15.0,253.84,26.51,27.2
1.20546,40.0,16.85,0,0.557,6.495,41.9,1.2134,4,364,19.1,369.51,36.82,14.5
0.197,60.0,14.16,0,0.801,6.387,76.7,4.5971,16,610,13.7,340.02,30.56,23.6
1.11747,0.0,27.66,0,0.579,5.963,16.1,7.9075,20,496,20.3,356.64,6.06,33.9
1.17994,40.0,4.25,0,0.541,6.459,2.8,4.0271,18,577,17.7,295.57,13.86,25.0
3.92363,12.5,19.62,0,0.602,6.113,4.0,11.0055,4,503,17.8,326.42,36.71,16.5
3.04467,0.0,11.62,0,0.754,6.52,59.5,7.9728,22,255,14.1,362.08,19.12,26.5
6.54676,95.0,12.28,0,0.442,5.852,46.6,1.791,6,665,12.7,319.38,5.13,29.3
1.9172,40.0,20.23,0,0.476,6.072,52.8,10.9991,21,267,16.6,340.21,17.97,20.4
0.38212,12.5,19.54,0,0.846,5.507,2.7,11.5354,15,411,18.2,368.46,26.79,17.8
3.74738,25.0,27.76,0,0.466,6.175,43.4,1.8548,1,186,13.0,282.28,37.91,14.7
4.29118,60.0,4.03,0,0.658,5.632,72.4,6.856,3,231,21.5,259.89,12.98,20.3
2.47166,12.5,3.36,0,0.664,5.42,45.4,4.337,5,575,21.8,329.77,20.02,17.4
4.42167,80.0,20.42,0,0.62,6.381,73.8,5.3212,22,400,17.5,259.32,33.55,15.3
2.04244,18.0,16.41,0,0.696,6.349,24.8,2.9762,17,607,21.5,364.98,14.14,24.9
2.21904,12.5,8.04,0,0.493,6.748,81.7,7.3588,14,322,13.8,357.88,5.04,35.1
1.67344,12.5,2.68,0,0.651,5.898,59.7,11.5378,9,542,12.3,382.26,36.11,18.0
0.07724,60.0,2.86,0,0.562,6.486,22.7,6.5338,3,561,12.4,345.93,19.07,25.5
0.3425,18.0,25.09,0,0.704,6.586,25.2,1.9121,13,456,17.9,260.08,19.6,28.8
0.0958,80.0,5.78,0,0.449,6.511,63.5,7.82,3,450,12.6,287.97,23.98,26.9
3.03519,40.0,9.39,0,0.66,5.622,83.3,4.7425,11,193,21.6,371.19,1.13,31.2
1.13219,40.0,6.73,0,0.471,6.305,42.7,10.4152,2,477,13.4,275.07,35.45,18.5
2.13131,12.5,10.26,0,0.517,6.455,27.3,5.7815,24,643,15.0,354.77,14.37,27.6
7.1438,95.0,2.41,0,0.487,6.205,87.0,3.1212,15,706,20.2,367.04,15.69,22.5
0.86022,95.0,14.77,0,0.47,4.739,67.6,3.1022,13,413,14.2,299.52,7.44,22.9
1.58485,18.0,2.36,0,0.785,6.312,45.9,9.4564,19,206,14.4,298.34,14.99,28.5
4.22625,18.0,22.51,0,0.52,7.749,49.8,3.9215,22,650,18.4,333.67,30.75,24.6
0.77942,80.0,6.93,0,0.834,5.948,22.0,9.4396,16,272,14.8,379.19,30.6,20.6
0.24031,60.0,15.35,0,0.855,5.69,63.4,3.2648,18,488,14.2,283.59,35.62,9.3
1.02642,25.0,24.7,0,0.66,6.461,37.2,4.5386,7,231,14.5,391.19,15.92,22.8
0.52743,40.0,18.4,0,0.45,6.419,99.6,6.1204,13,498,16.9,339.87,27.22,17.4
7.96485,60.0,15.16,0,0.564,7.035,49.1,11.3752,4,360,21.7,398.82,19.77,27.6
4.95266,0.0,9.42,0,0.771,5.319,49.6,11.249,9,299,20.3,263.44,30.75,11.0
3.01048,40.0,9.66,0,0.56,6.712,57.5,3.2756,10,222,14.8,268.98,27.36,23.7
6.15456,60.0,18.91,0,0.423,6.613,91.8,4.9404,9,439,15.6,374.0,14.61,30.5
4.88391,40.0,27.84,0,0.653,6.1,80.5,2.6434,7,376,16.6,379.71,13.46,31.5
0.61949,25.0,18.7,0,0.794,6.437,46.2,6.6098,15,434,21.8,316.82,10.34,34.7
6.69244,0.0,15.84,0,0.77,6.921,72.4,6.0664,8,515,13.7,357.11,22.33,23.4
2.3253,95.0,20.59,0,0.466,6.811,59.5,10.9084,19,681,15.6,380.13,36.66,13.6
4.94204,95.0,13.29,0,0.71,5.4,50.3,11.2301,11,434,19.3,256.47,8.4,24.8
6.79273,25.0,2.15,0,0.488,6.774,20.8,5.2192,5,693,21.6,336.09,4.52,36.7
1.14819,80.0,15.96,0,0.487,6.155,47.5,6.4091,2,421,13.6,378.02,5.42,30.6
0.34978,0.0,26.83,0,0.808,6.251,26.1,10.8586,10,328,14.3,309.72,29.97,19.9
0.77606,12.5,5.32,0,0.502,6.251,91.7,9.8738,16,478,14.3,295.36,13.95,26.2
1.67117,60.0,19.48,1,0.509,6.095,34.9,1.0402,23,632,12.2,369.36,9.3,34.2
5.11149,0.0,6.03,0,0.38,7.034,95.3,4.5207,13,572,18.0,300.37,14.06,27.3
5.91403,80.0,15.24,0,0.807,6.141,54.2,5.6395,8,391,18.7,250.48,24.88,21.4
0.02093,80.0,3.16,0,0.768,5.416,63.9,3.5269,9,717,18.0,393.94,21.23,24.4
2.14463,25.0,12.89,0,0.687,5.925,55.2,3.1953,11,310,12.7,338.82,28.51,24.6
1.62082,40.0,21.29,0,0.748,6.325,14.7,1.4156,11,508,12.7,372.93,13.55,26.2
0.7535,0.0,10.06,0,0.455,7.06,38.8,8.0771,23,435,14.1,373.8,17.73,32.1
0.38304,60.0,18.79,0,0.605,6.622,11.7,3.8876,16,658,14.9,259.96,4.77,32.1
1.23573,0.0,22.37,0,0.552,5.605,63.0,1.5758,10,242,19.9,275.63,3.7,34.5
8.58936,18.0,26.0,0,0.426,7.94,45.8,3.5408,24,490,13.6,296.67,18.1,36.6
1.17115,40.0,6.95,0,0.618,6.385,78.2,9.8211,12,586,12.4,298.1,12.16,26.6
2.19436,60.0,11.48,1,0.831,7.093,23.6,10.3664,6,284,15.9,348.82,23.67,28.2
3.64226,95.0,4.69,0,0.4,6.094,18.1,6.3137,12,194,16.2,343.47,2.59,35.9
1.35592,60.0,27.79,1,0.523,6.573,41.8,5.5768,10,438,16.5,324.19,5.51,32.5
10.70339,12.5,25.99,0,0.482,6.788,92.8,11.7564,18,591,20.3,281.69,33.01,20.7
9.84603,25.0,15.35,0,0.497,7.053,71.6,3.2062,18,438,13.0,307.3,21.95,27.6
0.87018,12.5,23.66,0,0.825,6.94,43.1,3.369,4,439,19.0,331.54,27.35,30.0
2.06298,60.0,14.83,0,0.609,6.811,52.7,4.2105,9,224,15.4,320.2,32.15,14.9
1.07379,40.0,17.65,0,0.608,5.979,10.3,2.9003,7,510,15.1,269.09,18.16,24.5
1.00575,0.0,2.95,0,0.753,5.8,98.5,5.173,18,344,21.3,347.43,29.16,14.7
0.11275,95.0,21.27,0,0.456,6.433,67.3,11.0192,8,372,14.5,260.96,20.41,25.6
2.82148,0.0,4.01,1,0.619,6.853,30.0,7.7688,11,700,18.4,306.73,9.24,30.0
2.09556,40.0,23.22,0,0.591,6.044,59.4,5.5314,7,580,14.8,356.5,13.49,26.4
0.15855,60.0,22.01,0,0.672,6.946,12.7,11.2785,9,553,17.1,253.0,19.14,25.6
0.97988,80.0,19.99,0,0.87,7.217,96.7,1.5331,8,244,19.9,335.5,12.72,32.8
7.16658,0.0,1.49,0,0.757,5.559,19.1,3.313,3,566,20.8,300.18,13.41,27.7
0.82158,80.0,8.84,0,0.575,5.614,65.5,7.2248,17,674,20.4,251.32,13.48,24.5
0.46959,0.0,7.74,0,0.786,6.102,26.1,7.7711,2,594,17.8,278.56,5.55,35.9
2.01682,0.0,10.4,0,0.464,6.415,72.3,1.4351,15,209,14.5,391.14,4.13,36.4
12.73211,95.0,2.91,0,0.395,5.833,78.1,5.4334,14,445,18.6,328.17,2.72,36.2
0.83143,25.0,26.27,0,0.48,7.147,68.0,8.1407,18,507,19.1,399.58,5.11,37.1
3.34547,25.0,15.73,0,0.547,6.497,62.2,8.6788,16,671,12.1,328.72,13.72,28.4
4.30166,18.0,8.9,0,0.63,6.228,89.5,8.0195,20,396,16.4,331.59,22.97,18.0
0.814,12.5,11.42,0,0.681,5.195,9.7,4.5262,22,499,20.4,308.78,7.96,24.3
3.90825,40.0,12.8,0,0.826,5.279,34.4,2.0287,4,578,16.9,296.51,33.86,13.0
1.37557,40.0,17.02,0,0.63,6.397,26.3,5.6982,20,284,15.1,287.73,30.91,19.7
3.00151,40.0,14.68,0,0.626,4.707,98.8,2.4163,6,509,20.7,301.51,20.26,25.3
3.01151,18.0,25.78,0,0.405,6.909,40.2,11.4239,6,226,13.6,318.98,27.8,22.7
2.30216,25.0,14.17,0,0.397,6.089,73.8,6.2269,11,493,14.1,278.8,14.55,21.4
0.28389,60.0,27.78,0,0.65,8.47,69.1,4.4899,17,326,18.9,283.73,2.36,44.7
5.41093,80.0,23.91,0,0.595,7.816,22.8,9.4293,24,641,15.5,290.73,34.46,25.0
1.16043,95.0,6.23,0,0.791,6.073,25.4,6.4774,3,665,19.1,317.39,5.73,29.9
0.6193,80.0,26.09,0,0.459,6.126,29.6,4.4104,13,589,13.6,347.92,36.07,22.8
0.12489,60.0,3.7,0,0.392,6.897,42.3,9.9316,22,206,14.5,378.42,22.16,20.8
2.68134,95.0,22.98,0,0.6,7.392,25.0,10.5387,3,208,13.6,293.07,12.31,36.8
3.39556,18.0,10.97,0,0.496,5.053,3.9,8.4031,16,450,21.5,277.56,19.33,19.2
0.05018,60.0,24.64,0,0.404,4.95,88.2,1.5166,15,680,16.1,306.83,19.56,17.2
2.15289,40.0,24.37,0,0.735,5.765,96.6,7.2296,11,432,15.4,384.16,1.86,39.0
0.77047,12.5,22.66,0,0.435,6.608,35.5,9.3962,18,564,12.1,251.48,14.15,31.5
3.10837,0.0,22.23,0,0.678,6.548,35.2,2.5015,15,239,13.5,351.68,28.38,20.6
0.57481,80.0,8.88,0,0.518,6.949,2.7,3.5154,5,286,16.2,321.57,19.87,26.8
3.52264,25.0,2.73,0,0.465,5.36,68.7,10.7074,16,399,12.7,274.16,10.04,26.7
1.46688,25.0,11.58,0,0.566,4.579,82.9,1.2213,16,620,17.1,298.15,13.4,20.0
8.28103,18.0,5.27,0,0.773,6.801,16.4,9.28,17,275,16.6,283.74,32.93,23.4
0.44383,95.0,19.61,0,0.572,5.62,17.6,6.2115,9,268,19.7,381.67,20.45,22.5
1.2514,25.0,10.02,0,0.748,4.787,79.4,5.9145,23,410,18.6,322.28,20.55,21.7
0.36133,40.0,27.33,0,0.441,6.302,62.4,1.0781,3,454,16.5,334.46,36.57,17.5
7.75857,80.0,18.13,0,0.759,6.755,6.4,10.0134,20,425,14.2,339.05,12.87,32.0
6.295,60.0,23.12,0,0.496,6.115,63.0,4.9581,13,290,19.3,345.94,18.74,28.2
0.89498,40.0,4.14,0,0.712,5.88,32.3,6.9484,22,413,19.1,324.33,31.03,22.9
3.23629,18.0,24.21,0,0.657,6.088,38.1,8.4503,3,457,13.5,252.68,29.08,20.8
5.09845,40.0,25.88,0,0.835,5.941,77.4,8.7289,7,656,21.1,300.21,10.83,25.0
2.4304,60.0,13.89,0,0.57,5.256,81.5,11.5158,6,596,12.6,277.58,6.59,26.8
2.26284,12.5,17.17,0,0.412,5.7,41.2,6.8447,9,307,12.6,352.02,26.93,18.9
0.83063,18.0,21.53,0,0.389,6.565,94.8,5.3969,12,416,13.9,258.51,10.53,29.2
0.29318,12.5,5.31,0,0.785,6.425,41.8,11.4907,15,307,21.1,334.57,35.14,15.9
6.82537,0.0,14.32,0,0.637,6.318,77.6,8.0632,21,573,17.2,281.59,5.78,31.9
6.92032,12.5,11.46,0,0.76,5.503,49.4,4.2797,20,654,19.9,392.33,12.78,21.6
3.00801,0.0,4.53,0,0.495,6.073,90.0,2.3911,3,574,14.3,300.33,3.03,28.8
1.24214,0.0,10.61,1,0.549,4.676,91.0,10.2681,10,290,16.9,298.78,27.02,9.9
1.2887,12.5,2.37,0,0.395,6.325,10.6,4.984,1,269,15.6,388.51,33.98,19.6
3.8834,18.0,1.21,0,0.851,7.2,93.8,8.2652,19,459,20.3,312.6,24.53,27.0
6.82229,95.0,4.22,0,0.707,5.168,82.9,6.179,19,512,12.2,394.43,35.7,10.8
6.5434,60.0,26.99,0,0.837,5.79,79.5,3.1882,23,403,14.4,253.63,5.75,32.3
4.54069,40.0,15.61,0,0.51,6.43,21.7,7.6186,23,280,13.5,295.95,4.25,29.9
3.08193,40.0,27.06,0,0.68,7.077,80.9,1.6675,13,311,20.6,349.93,32.02,23.0
0.26368,60.0,12.39,1,0.712,5.886,85.3,5.5468,12,192,16.7,383.63,32.65,17.3
0.52888,80.0,9.07,0,0.536,5.715,30.3,7.0128,1,636,16.0,288.46,31.75,14.7
6.86469,80.0,14.42,0,0.796,4.822,95.3,5.7965,19,620,16.5,389.57,30.56,11.5
2.79748,0.0,12.59,0,0.844,6.272,6.9,9.2354,24,277,21.7,339.12,14.4,25.8
0.02772,0.0,3.41,0,0.814,7.629,16.7,10.1072,16,299,20.5,370.15,9.05,36.7
0.32099,18.0,18.12,0,0.742,6.394,54.7,9.4837,23,472,19.1,309.58,35.37,19.6
3.26749,25.0,6.44,0,0.516,6.184,58.4,1.4269,23,180,14.9,281.83,12.36,26.8
0.01522,12.5,17.54,0,0.518,6.425,65.2,3.1354,15,429,13.7,386.69,15.74,25.7
0.52595,0.0,18.38,0,0.852,6.192,3.7,6.9027,16,328,21.2,389.97,26.88,21.7
2.38709,40.0,4.68,0,0.385,5.631,96.1,11.283,11,574,16.2,324.64,11.85,21.3
3.53195,18.0,2.19,0,0.731,6.776,6.4,10.1845,24,223,14.8,250.97,31.31,21.0
3.16632,12.5,21.97,0,0.726,6.358,16.0,10.2679,6,223,16.7,266.47,3.59,37.8
0.76185,18.0,13.14,0,0.685,6.212,3.4,4.3353,11,257,21.2,335.95,30.27,17.5
3.73625,12.5,2.1,0,0.865,5.517,57.6,5.7239,3,405,15.9,253.57,23.27,19.3
0.81247,12.5,27.86,0,0.533,7.112,93.4,6.1778,15,341,17.6,309.54,22.2,30.3
1.1809,60.0,2.09,0,0.547,6.665,67.3,2.7311,1,432,20.0,295.51,17.96,29.8
4.11707,0.0,19.61,1,0.419,5.813,82.6,1.3417,7,311,16.3,357.15,11.25,27.2
3.14632,95.0,27.55,0,0.597,6.901,3.3,11.4159,1,627,14.3,258.34,18.17,27.9
5.67587,18.0,7.08,0,0.508,5.852,55.1,3.6478,17,653,21.9,323.31,17.65,20.0
3.21544,95.0,4.41,0,0.548,5.653,47.0,3.6394,9,288,21.6,336.87,22.6,22.3
2.52013,18.0,3.84,0,0.789,5.668,50.9,1.9172,23,214,20.4,342.59,11.42,22.6
0.29507,60.0,8.84,0,0.838,4.96,9.1,11.2136,13,646,18.9,310.77,3.87,21.7
1.37525,40.0,3.28,0,0.471,6.53,69.1,7.3771,11,454,14.9,295.66,6.37,35.8
0.92448,95.0,19.53,0,0.563,4.918,51.3,8.3374,20,366,21.1,352.37,26.87,17.3
0.8391,40.0,2.21,0,0.835,5.34,77.0,11.0273,6,422,14.8,377.14,1.83,33.0
10.83693,80.0,14.51,0,0.41,4.747,49.6,4.8018,1,443,20.0,354.04,32.69,8.8
1.49816,0.0,27.91,0,0.425,6.14,16.6,7.8366,7,701,21.2,389.82,26.69,22.4
6.67817,0.0,22.88,0,0.46,6.095,65.5,1.4268,12,266,18.0,357.59,29.42,17.4
2.992,25.0,17.42,0,0.672,5.971,18.9,3.0545,22,714,20.0,364.69,31.93,16.5
4.75148,60.0,8.92,0,0.454,5.47,87.5,10.1437,20,389,19.9,275.19,5.54,31.3
2.09531,40.0,17.66,0,0.854,5.379,62.1,9.4345,23,225,13.9,312.93,31.43,15.0
2.58047,12.5,14.99,0,0.599,6.525,17.4,4.8571,19,646,18.7,322.76,19.67,23.8
2.03488,18.0,12.22,1,0.626,5.815,96.3,5.1449,17,719,12.9,288.44,33.76,12.0
0.65164,0.0,4.09,1,0.501,6.421,52.8,6.8691,4,205,17.1,329.28,33.8,19.8
3.84529,95.0,24.88,0,0.611,5.58,9.1,1.0027,3,445,13.6,293.62,1.89,34.0
0.98873,18.0,12.87,1,0.704,6.327,63.4,3.6537,1,354,16.2,353.13,15.17,25.2
0.07385,18.0,5.85,0,0.748,7.112,26.8,3.2905,18,695,20.3,320.54,20.48,30.3
3.11091,25.0,10.61,1,0.749,6.61,80.8,3.7553,21,490,21.9,318.82,26.1,20.1
0.5848,40.0,11.89,0,0.663,5.911,82.1,9.865,15,501,15.2,397.55,11.59,30.0
8.46325,0.0,23.26,0,0.823,6.38,97.9,4.0764,8,314,17.3,308.87,10.33,29.2
9.23269,18.0,20.67,0,0.781,6.032,51.2,3.1067,1,234,17.1,304.34,15.11,26.0
7.39053,0.0,21.66,0,0.751,6.206,46.6,6.5469,20,710,21.5,297.79,19.53,21.9
1.38686,12.5,0.8,0,0.407,5.972,75.8,10.5221,14,335,16.8,384.21,36.19,16.7
0.04673,25.0,11.94,0,0.383,6.085,15.0,3.6548,4,326,19.0,324.51,29.2,17.9
7.90657,12.5,13.74,0,0.484,6.348,55.6,1.8639,5,664,21.2,340.0,16.88,24.5
1.67681,0.0,1.03,0,0.705,5.505,55.5,4.9205,23,199,15.7,277.12,3.01,25.7
10.20253,80.0,7.64,0,0.581,5.489,10.8,9.2242,13,448,21.0,331.14,7.24,24.5
9.94121,95.0,21.41,0,0.577,5.228,43.0,7.0576,24,512,21.2,291.2,17.87,18.9
5.75216,0.0,4.27,0,0.813,5.08,85.6,9.9847,15,580,21.3,359.6,31.11,14.8
1.04633,40.0,15.22,0,0.819,5.348,85.9,11.5555,6,485,14.7,374.88,15.09,25.5
1.45888,18.0,6.42,0,0.825,6.312,11.7,9.7193,1,207,16.0,357.22,20.92,22.7
5.71418,18.0,0.83,0,0.534,5.575,10.9,7.6418,23,646,20.7,359.54,34.0,13.9
1.14344,12.5,7.13,0,0.719,6.56,27.7,6.4268,19,439,15.6,326.87,34.81,23.7
0.55716,95.0,27.34,0,0.513,6.224,87.7,1.4408,13,713,18.0,356.82,8.98,30.7
2.44121,25.0,22.54,0,0.473,4.822,14.6,11.8275,6,280,13.2,313.4,2.61,26.0
8.25388,80.0,26.89,0,0.47,6.658,72.6,5.2183,15,532,12.6,347.72,12.3,24.2
3.57248,60.0,13.92,0,0.548,6.768,11.9,2.6745,16,479,16.1,288.86,26.74,20.6
2.53234,95.0,3.52,0,0.591,5.504,63.1,8.3338,24,475,17.8,260.46,36.19,10.9
0.30668,18.0,15.57,0,0.787,6.494,36.9,4.1272,23,532,15.9,312.02,3.85,39.9
2.86359,40.0,13.0,0,0.439,5.6,79.3,7.4436,16,309,17.8,319.27,2.05,28.4
13.83171,95.0,23.72,0,0.74,6.268,24.9,7.4544,10,335,17.2,288.46,33.71,16.3
0.45276,12.5,3.2,0,0.64,5.315,64.6,5.903,22,253,18.9,359.16,28.68,18.0
2.19149,12.5,13.93,0,0.521,4.945,25.1,10.1973,9,521,18.5,261.03,37.71,13.9
6.29583,60.0,4.63,0,0.621,5.932,71.9,3.9146,9,644,16.2,283.41,15.68,25.0
4.0501,40.0,9.43,1,0.527,6.113,87.6,5.935,17,269,16.2,362.28,16.39,24.1
3.58222,25.0,20.78,0,0.672,5.922,14.4,6.9146,17,634,13.4,315.57,7.38,27.7
3.63686,95.0,13.59,0,0.593,5.371,86.9,8.2999,17,511,17.1,355.79,5.29,29.4
1.33648,40.0,10.84,0,0.461,5.92,60.2,9.6237,24,527,17.9,335.12,22.41,20.2
1.04269,25.0,11.35,0,0.437,6.389,14.5,5.3429,12,412,16.8,392.61,14.48,24.8
4.97212,40.0,13.13,0,0.648,6.169,43.9,8.1065,13,281,15.3,339.67,3.97,30.4
4.98398,40.0,22.09,0,0.822,6.328,17.8,2.6567,12,660,19.2,252.23,33.82,13.7
6.05385,0.0,25.03,0,0.549,5.731,70.6,11.2591,14,393,12.7,302.93,8.34,33.4
7.33385,12.5,26.77,0,0.739,7.02,76.4,5.2136,10,287,21.1,271.46,28.7,24.4
2.14828,95.0,22.14,0,0.703,5.377,12.4,9.0247,23,344,12.2,388.7,11.44,30.3
2.08855,40.0,9.17,0,0.836,6.541,51.6,1.2238,19,514,21.6,265.6,31.08,21.8
4.80285,95.0,19.42,0,0.782,7.027,81.8,3.2571,2,265,16.6,308.16,5.38,39.3
3.14916,60.0,12.53,0,0.658,6.537,93.7,6.3579,4,603,16.1,283.91,28.97,22.3
3.63165,40.0,7.5,0,0.702,6.058,52.3,10.6608,19,543,14.6,377.01,4.63,33.6
4.76586,18.0,23.62,0,0.82,5.83,95.1,6.7998,7,239,12.1,296.28,17.54,17.4
6.62197,12.5,1.56,0,0.576,6.925,54.5,11.2286,15,661,14.7,398.78,28.16,19.9
1.23745,18.0,25.3,0,0.54,5.204,40.6,6.3218,15,429,13.1,255.79,7.41,27.0
1.41281,95.0,13.19,1,0.385,5.521,85.1,6.3949,24,296,18.6,269.24,11.57,26.3
0.29609,95.0,18.02,0,0.785,5.922,50.3,2.3172,6,223,15.2,283.7,33.0,16.9
2.59024,12.5,18.63,0,0.772,7.066,48.2,9.8292,3,688,19.7,371.67,33.75,22.4
0.10981,95.0,25.12,0,0.431,6.466,50.1,3.7166,6,344,14.1,381.78,2.66,36.0
1.87982,18.0,18.01,1,0.663,5.522,85.0,10.8957,16,547,21.0,260.72,7.22,30.8
2.34688,40.0,17.38,0,0.607,5.983,83.5,11.0191,2,471,17.2,254.87,5.35,32.9
1.01289,40.0,2.33,1,0.438,5.77,41.5,11.3764,7,465,13.1,361.68,7.65,32.7
2.6809,0.0,14.76,1,0.86,5.703,34.7,6.7225,11,383,16.0,270.0,36.9,17.6
0.09293,60.0,4.63,0,0.485,6.885,50.2,8.448,7,703,14.1,269.95,21.41,27.3
0.11419,95.0,20.78,1,0.413,5.24,58.1,9.5637,4,300,14.0,253.35,18.32,28.0
5.18805,18.0,14.59,0,0.671,7.326,25.4,2.4412,24,367,17.1,257.47,37.43,23.9
1.33976,95.0,19.21,0,0.742,6.78,79.8,7.6105,20,192,18.7,289.55,21.61,23.7
0.40767,95.0,1.65,0,0.396,6.964,49.7,1.3773,7,379,21.1,259.75,25.46,26.2
2.21596,25.0,2.83,0,0.703,5.876,34.7,6.4732,4,635,17.0,305.33,13.31,21.0
4.40894,0.0,20.2,0,0.641,6.095,12.5,2.7033,12,627,21.7,374.92,15.14,21.1
0.72935,18.0,2.48,0,0.431,5.197,25.4,3.0122,5,250,21.4,298.95,22.99,17.7
2.92566,18.0,2.46,1,0.465,5.833,95.0,5.0155,23,309,20.7,359.18,3.58,28.5
0.26763,95.0,0.83,0,0.658,6.546,31.9,5.7568,19,222,17.0,264.09,10.47,29.4
0.1592,0.0,26.8,0,0.525,7.107,18.5,7.8549,5,699,13.4,348.91,8.28,35.2
2.27373,40.0,20.78,0,0.84,5.425,47.1,1.8187,19,192,14.2,297.51,1.59,34.2
2.33373,18.0,10.21,1,0.781,5.944,32.1,6.5406,21,714,18.5,362.46,20.87,26.5
3.04361,40.0,8.65,1,0.862,6.094,5.4,3.0089,3,481,16.2,270.44,21.76,24.3
3.88488,0.0,10.12,0,0.507,5.223,33.7,7.3137,11,706,13.5,384.68,15.21,19.4
11.17067,40.0,21.8,1,0.855,6.614,55.3,8.0115,7,294,16.8,286.39,10.94,27.6
2.17887,12.5,18.69,0,0.591,5.693,56.1,7.1238,17,639,12.2,302.97,25.13,21.8
1.17006,25.0,5.59,0,0.55,6.063,36.9,9.1213,9,684,19.3,392.53,5.98,28.6
4.75696,80.0,5.29,0,0.405,5.884,45.8,4.6917,21,487,12.7,336.77,20.19,18.9
0.94755,18.0,3.21,0,0.406,5.647,96.6,9.4162,9,504,18.3,304.87,29.42,19.2
1.73395,60.0,18.66,0,0.719,6.195,39.0,5.7604,10,354,19.9,392.44,7.08,30.8
0.24512,25.0,21.52,0,0.604,6.049,27.3,6.326,13,693,13.3,299.36,28.87,19.1
0.07703,80.0,7.79,0,0.491,5.94,25.9,8.1291,15,351,17.2,264.23,29.15,22.5
9.86214,40.0,1.08,0,0.681,5.69,46.9,1.2019,22,681,19.8,399.53,3.22,32.9
5.4233,18.0,2.76,0,0.504,6.424,76.4,8.1939,5,513,14.6,290.18,1.7,39.4
3.57193,40.0,27.12,0,0.663,7.358,22.2,7.8044,3,463,13.6,377.69,37.04,18.4
1.57758,12.5,8.62,0,0.556,6.298,71.5,4.4083,8,654,15.4,274.83,8.16,32.2
0.57092,0.0,21.65,0,0.784,6.897,4.1,1.9437,20,233,17.5,359.7,31.42,21.8
0.51036,18.0,17.68,0,0.782,5.227,43.1,2.0003,10,637,17.8,328.67,21.79,21.0
0.86402,80.0,11.0,0,0.614,6.31,78.0,11.1555,13,599,13.3,397.14,10.79,26.3
2.39037,80.0,6.16,0,0.552,5.432,35.2,8.5821,3,588,16.6,332.92,5.81,24.3
3.76155,12.5,3.84,0,0.558,5.166,57.2,2.3981,22,483,14.7,253.75,19.38,20.3
3.23817,12.5,17.41,0,0.775,5.682,22.1,4.924,8,401,20.4,340.58,16.07,21.7
0.98524,95.0,21.8,0,0.541,7.034,74.7,7.5173,9,712,15.1,271.8,26.86,27.4
9.29431,18.0,18.21,0,0.482,6.865,7.1,10.1913,22,337,20.4,369.78,34.45,14.3
4.01705,40.0,15.08,0,0.421,6.37,85.5,1.4803,21,527,16.3,378.49,30.79,15.2
2.42469,60.0,1.65,0,0.609,5.127,21.4,3.603,12,338,19.3,322.31,11.15,23.3
2.83809,80.0,27.13,0,0.616,6.063,87.7,10.7872,11,414,17.1,367.48,33.52,12.5
1.63211,80.0,22.46,0,0.792,6.411,36.5,1.1008,2,584,18.2,271.77,31.84,24.5
0.85398,12.5,8.55,0,0.488,6.323,72.8,3.2154,18,436,16.0,323.81,35.38,16.9
1.32004,25.0,27.45,0,0.567,4.909,33.3,11.5493,9,226,19.7,309.09,17.97,18.6
4.25455,12.5,17.05,0,0.776,5.577,90.8,7.7474,2,392,16.3,341.7,29.44,18.4
0.04349,60.0,16.52,0,0.784,6.155,14.4,3.8784,2,658,16.6,256.67,22.89,25.8
0.37014,40.0,21.07,0,0.568,6.575,19.5,1.7369,3,666,17.2,362.82,12.49,30.6
0.14128,40.0,22.82,0,0.605,4.663,50.3,1.3101,16,521,20.3,261.87,37.79,9.5
0.12474,25.0,18.55,0,0.529,6.087,10.0,3.6922,19,703,18.6,348.47,2.42,30.2
5.80261,80.0,4.02,1,0.837,6.3,21.2,10.6963,4,682,15.5,252.77,7.0,32.7
3.64872,12.5,9.8,0,0.438,6.795,94.5,5.5751,23,185,18.7,374.78,34.02,23.9
1.92835,95.0,26.02,0,0.838,6.685,97.7,8.9237,18,323,18.4,276.2,3.24,34.2
0.30887,40.0,6.68,0,0.715,6.608,38.9,11.1011,20,440,21.3,327.32,33.81,16.9
2.02955,60.0,10.73,0,0.64,5.64,92.5,5.4884,18,411,20.4,289.22,27.46,19.1
1.92435,18.0,12.38,0,0.396,4.864,55.4,3.1041,10,449,18.5,358.4,2.36,28.0
0.57058,0.0,12.58,0,0.613,5.925,28.4,6.6883,11,626,15.4,298.2,16.88,21.5
1.7067,0.0,17.36,1,0.58,6.901,70.8,10.9889,17,401,19.8,358.69,28.92,21.4
1.52501,0.0,26.43,0,0.459,7.175,66.6,9.8481,24,231,17.8,292.73,22.57,32.6
2.87017,95.0,7.12,0,0.702,6.697,98.9,1.7241,23,295,21.9,362.87,35.63,14.5
3.02434,80.0,3.84,0,0.856,6.501,28.0,8.6183,24,717,14.5,254.59,33.1,16.9
0.13909,12.5,5.93,0,0.655,6.466,67.9,7.2909,20,198,12.8,292.5,13.31,26.3
1.40815,25.0,24.89,0,0.73,5.811,7.1,10.9821,16,571,12.7,324.8,4.13,28.4
2.94937,95.0,18.26,0,0.414,6.109,13.1,2.3473,20,598,18.4,256.76,35.94,14.7
2.09832,95.0,8.36,0,0.585,7.368,2.4,6.8744,13,488,21.4,277.91,20.14,30.4
5.82405,40.0,22.94,0,0.437,5.54,99.9,10.6741,2,365,12.0,390.18,3.75,33.3
3.22492,18.0,24.19,0,0.68,7.33,80.6,5.5103,24,440,19.3,396.53,31.21,23.8
0.53356,95.0,23.78,0,0.84,5.975,79.1,6.3019,2,707,18.6,360.96,33.13,15.2
0.21955,60.0,25.77,0,0.704,7.128,52.0,1.7751,14,452,19.3,287.83,24.66,30.8
3.08518,18.0,7.44,0,0.418,5.215,31.4,4.0596,4,339,15.6,289.08,17.56,15.4
0.08061,60.0,21.26,0,0.554,6.61,16.8,4.5696,17,403,20.2,346.87,25.5,25.7
2.64404,80.0,13.16,0,0.65,5.684,29.9,11.3963,13,435,12.4,267.64,27.15,15.7
8.45177,12.5,23.65,0,0.578,5.209,38.8,4.1093,4,359,19.6,392.25,34.04,12.4
2.57035,0.0,20.53,0,0.788,6.353,76.1,6.0696,3,199,14.7,283.72,36.37,18.5
1.4739,95.0,21.85,0,0.779,6.907,54.9,8.3843,12,647,16.8,399.95,20.03,22.6
3.09248,12.5,18.54,0,0.68,5.609,9.6,2.784,22,389,20.2,324.36,30.54,17.1
1.83887,80.0,5.38,1,0.563,5.151,3.8,6.3509,23,692,14.7,365.71,36.69,12.6
2.36644,25.0,15.49,0,0.505,6.136,12.0,9.1239,8,237,13.9,250.33,6.6,35.3
8.51438,25.0,27.58,0,0.432,6.139,42.2,10.5354,2,272,18.8,383.31,1.68,40.6
1.46378,80.0,26.28,0,0.554,6.584,93.5,7.8889,6,400,17.3,290.5,33.15,14.9
9.74728,60.0,1.69,0,0.582,6.865,64.5,8.3596,22,411,17.1,350.19,8.23,36.1
7.07273,40.0,5.03,0,0.711,6.158,80.6,2.3891,10,543,14.6,370.95,2.57,32.2
0.65369,40.0,4.12,0,0.702,7.499,47.7,11.4035,12,553,12.3,274.62,6.92,34.0
0.21565,60.0,20.46,0,0.414,6.357,37.4,2.4583,21,635,16.1,316.38,15.21,28.9
0.31868,25.0,22.99,0,0.574,5.958,12.6,9.5214,10,267,13.1,324.08,9.11,25.3
0.05517,25.0,6.37,1,0.469,5.072,87.8,3.913,10,199,21.1,296.82,12.29,20.4
0.29762,95.0,14.41,0,0.457,6.016,78.7,11.2695,23,193,12.4,322.26,37.09,10.3
3.44662,25.0,23.62,0,0.785,5.965,18.5,8.9196,3,312,16.3,297.63,27.06,21.5
0.22155,12.5,20.65,0,0.401,6.872,52.2,9.292,20,213,12.5,304.11,27.35,24.8
1.15247,25.0,15.41,0,0.585,6.524,49.8,3.4097,10,387,13.0,350.4,4.5,31.2
5.59058,18.0,16.73,0,0.462,5.374,63.3,5.8734,9,378,18.6,344.89,28.09,21.2
0.07064,95.0,14.48,0,0.811,6.321,94.7,7.7959,20,334,18.5,284.84,28.36,19.1
5.05359,0.0,8.68,0,0.653,6.67,58.8,9.4697,19,257,12.3,384.62,25.41,27.1
0.99325,25.0,16.04,0,0.493,7.27,54.9,2.1436,14,351,12.0,379.42,9.45,34.6
0.37725,60.0,19.44,0,0.626,6.821,6.9,11.586,2,468,12.8,326.36,16.65,26.9
3.57947,0.0,24.52,0,0.738,6.733,8.2,10.7924,5,599,19.6,314.99,32.31,19.9
2.9742,12.5,18.0,0,0.849,6.242,20.4,3.9738,20,186,17.8,306.53,25.8,17.9
6.29825,60.0,21.43,0,0.488,6.472,5.2,10.0504,8,339,12.4,356.09,28.11,21.5
3.98488,0.0,4.9,0,0.814,7.075,74.8,6.7016,7,419,16.9,350.75,22.73,26.4
4.88099,60.0,13.19,1,0.838,5.267,72.9,6.0799,6,602,19.1,279.43,17.63,23.1
0.994,12.5,0.76,0,0.829,5.955,15.3,4.4588,11,715,20.7,350.72,29.08,21.8
0.586,95.0,7.28,0,0.691,5.659,83.9,7.3907,12,249,21.3,287.86,3.51,31.1
4.16627,18.0,20.48,0,0.689,6.465,17.2,9.0288,18,395,15.3,252.78,25.91,17.9
4.93263,12.5,27.77,0,0.578,7.061,31.5,5.5203,19,283,13.4,354.88,37.9,21.4
13.97101,12.5,3.23,0,0.749,5.782,26.4,7.9214,10,233,14.4,346.72,29.87,16.1
1.59624,60.0,11.54,0,0.64,4.527,38.5,8.6924,21,509,19.8,311.62,11.75,16.3
1.39573,95.0,22.5,0,0.712,5.911,27.0,8.8223,14,382,21.7,328.85,11.28,28.7
4.49386,80.0,6.11,0,0.59,6.839,49.9,1.5716,3,467,16.7,392.08,25.69,25.0
1.2502,40.0,15.76,0,0.738,6.576,41.9,10.4572,18,224,15.1,339.28,34.15,18.0
8.01041,25.0,20.66,0,0.784,6.5,98.7,6.0408,24,377,16.3,348.68,22.38,23.0
5.86452,25.0,17.44,0,0.452,6.004,7.5,3.8866,15,395,15.0,259.59,20.51,21.1
1.68107,18.0,5.67,0,0.788,5.305,15.9,3.6594,6,660,14.6,274.9,6.93,28.8
4.16935,18.0,10.27,0,0.645,6.561,7.2,6.3132,10,488,17.9,295.14,27.47,22.3
4.2139,25.0,22.05,0,0.794,5.616,63.3,10.7551,12,614,12.2,330.91,26.99,15.6
0.32651,40.0,15.74,0,0.591,7.729,7.3,5.1618,7,511,14.6,366.49,36.78,27.3
6.98534,25.0,0.64,0,0.566,6.599,84.0,9.247,17,206,18.6,298.19,12.11,27.3
2.11112,80.0,21.43,0,0.828,5.794,52.2,2.065,1,345,12.3,303.46,28.99,10.2
5.254,40.0,1.47,0,0.503,5.772,53.6,6.2366,18,497,12.8,288.42,17.06,22.4
1.15721,18.0,21.01,0,0.794,6.135,57.0,11.9085,15,453,14.9,288.19,21.66,26.6
6.77637,0.0,6.07,0,0.617,6.032,18.7,9.4748,19,562,20.8,392.33,31.21,16.9
1.47897,60.0,26.85,1,0.632,6.982,21.4,3.3158,1,544,19.6,345.32,9.21,28.2
0.03269,80.0,10.62,0,0.531,6.33,33.2,6.5159,5,282,12.2,273.39,13.69,25.4
7.07372,80.0,9.49,0,0.661,5.688,60.2,3.5699,15,682,17.0,358.34,29.61,13.6
0.28718,95.0,4.59,0,0.539,7.523,22.6,5.5052,3,552,14.7,358.3,22.11,27.3
1.15396,18.0,8.9,0,0.399,6.235,13.4,9.5809,1,424,18.5,349.97,4.42,31.8
8.99092,18.0,24.61,0,0.513,6.738,97.1,9.4835,8,348,19.2,270.21,16.92,28.6
9.02385,12.5,27.9,0,0.383,5.774,4.2,3.5091,12,597,20.6,311.2,22.71,20.8
2.55599,80.0,10.63,1,0.859,6.454,80.7,11.1445,22,535,16.8,266.01,34.65,18.6
2.99769,12.5,12.84,0,0.853,6.418,79.2,7.5183,19,657,21.9,372.49,7.97,36.6
1.78504,12.5,20.36,0,0.574,4.877,31.1,5.1792,12,304,21.8,348.28,30.82,16.4
1.04107,60.0,24.87,0,0.737,7.611,15.3,6.5213,13,716,20.8,326.08,5.83,39.7
1.19546,12.5,16.81,0,0.549,7.103,16.3,7.6558,1,581,17.7,301.45,9.96,27.8
3.34897,40.0,11.27,0,0.709,5.922,70.3,7.1588,19,696,16.0,277.64,10.0,25.9
4.18751,25.0,11.85,0,0.775,5.428,65.0,6.3505,6,710,15.6,265.97,33.47,9.6
4.70459,0.0,19.63,0,0.844,6.443,78.7,6.5543,8,433,12.1,395.39,8.36,28.6
4.67649,18.0,0.59,0,0.576,6.261,93.9,2.9405,4,300,14.5,279.95,30.12,21.7
0.28691,40.0,17.54,0,0.764,6.449,69.8,9.9401,5,211,19.2,258.98,18.09,25.5
2.04615,0.0,10.28,0,0.51,6.334,17.3,6.9594,22,216,18.0,394.25,37.97,19.3
0.17785,80.0,22.34,0,0.865,6.554,25.9,2.4419,7,521,21.2,332.34,32.05,22.2
2.39238,80.0,3.06,0,0.393,7.213,84.5,9.4277,23,192,12.5,369.5,28.37,24.5
1.74767,80.0,16.68,0,0.676,6.598,22.5,11.2569,4,362,13.6,256.56,33.22,22.8
6.55986,40.0,13.73,1,0.703,5.465,9.1,11.4204,20,444,19.9,335.04,24.46,22.7
1.29657,40.0,18.16,0,0.717,7.154,70.9,5.0592,4,267,15.6,309.73,32.22,23.7
0.37352,18.0,2.28,0,0.439,7.348,41.4,2.4907,15,641,13.2,365.79,10.66,34.7
0.46292,25.0,16.45,0,0.84,8.406,92.2,6.7024,21,225,22.0,255.76,4.62,43.1
4.30029,95.0,15.94,0,0.469,5.414,65.7,2.2387,5,571,19.9,310.25,23.79,14.9
2.88872,12.5,15.92,0,0.685,6.37,10.9,11.2739,24,298,16.1,369.86,17.08,26.2
0.31983,80.0,17.1,0,0.489,4.743,94.9,3.0194,9,710,20.2,328.4,16.78,20.5
0.26357,60.0,19.1,0,0.531,6.587,27.3,3.7804,2,626,18.8,332.51,20.49,25.0
3.62163,25.0,22.64,0,0.648,5.816,35.0,5.473,7,225,19.9,264.57,14.37,23.2
0.22664,60.0,7.92,0,0.584,7.546,41.4,5.2148,17,687,20.2,269.85,24.16,31.1
5.17556,18.0,23.19,0,0.459,5.658,7.0,9.7413,16,705,12.8,351.55,2.13,31.3
3.675,18.0,14.2,1,0.464,5.018,50.7,6.0195,17,182,18.2,351.26,36.89,11.9
0.25455,18.0,2.62,0,0.585,5.87,14.1,2.8785,20,207,12.1,396.87,35.21,20.1
0.26596,0.0,2.11,0,0.751,4.817,41.3,3.9393,23,560,12.4,356.79,35.6,10.8
12.94638,60.0,9.69,0,0.82,6.726,36.4,6.6002,2,336,21.0,323.99,14.51,26.5
1.40651,25.0,22.08,0,0.421,4.754,77.7,2.622,11,690,17.3,378.6,20.68,22.5
1.38917,95.0,19.96,0,0.573,6.22,80.7,7.7282,2,512,19.4,265.67,36.3,12.0
5.02673,25.0,22.19,0,0.429,4.746,17.0,7.2232,1,293,20.4,317.39,34.39,11.2
8.82649,40.0,14.72,0,0.388,5.976,37.9,8.8617,2,568,21.5,293.07,30.24,15.2
12.80632,40.0,12.61,0,0.704,7.35,38.6,11.3148,23,666,20.7,265.7,16.07,30.3
4.1997,80.0,4.55,0,0.675,6.452,16.8,11.0348,9,429,16.8,364.53,21.88,26.0
1.41606,95.0,9.53,0,0.46,5.596,80.2,11.4068,22,494,15.4,326.62,30.34,18.9
0.26158,40.0,12.44,1,0.495,6.178,71.3,3.6919,2,418,13.5,333.52,11.1,32.2
4.50373,18.0,2.94,0,0.392,6.213,20.7,2.4472,15,413,16.0,311.69,24.18,21.3
2.45208,25.0,6.57,0,0.789,6.531,37.9,4.325,10,482,15.7,319.05,31.63,19.4
1.6561,60.0,16.95,0,0.858,5.243,12.4,10.8459,15,513,17.6,267.4,27.18,18.7
7.10471,18.0,20.73,0,0.446,6.615,63.6,11.6926,10,292,18.7,350.94,18.74,28.7
0.35364,0.0,27.95,0,0.493,4.307,13.9,10.4526,23,541,21.8,314.87,22.63,12.0
2.03552,40.0,26.16,0,0.806,5.759,98.6,2.2102,17,276,19.3,372.52,37.58,14.9
0.03426,18.0,18.17,0,0.834,5.858,78.5,11.4217,9,195,18.4,279.44,23.27,20.6
1.89706,18.0,12.08,0,0.586,6.643,40.2,5.6569,18,555,15.4,280.76,30.07,21.5
0.17385,0.0,17.99,0,0.405,6.216,58.7,1.1024,4,569,12.3,346.86,27.88,19.8
0.37947,12.5,22.11,0,0.399,5.216,91.3,5.8663,9,396,14.9,376.9,26.96,15.2
0.37508,25.0,3.75,0,0.661,5.511,56.3,1.5068,16,578,19.7,320.83,27.51,15.2
3.14271,60.0,11.77,0,0.573,6.339,19.1,6.9827,4,439,14.1,359.04,17.81,25.5
4.11179,80.0,23.59,0,0.394,6.145,39.1,4.7241,16,499,19.1,399.9,18.54,25.8
2.62666,12.5,11.06,1,0.666,5.795,84.6,6.2078,19,375,17.8,398.54,18.31,21.8
9.82416,40.0,16.23,0,0.386,5.863,65.1,7.7449,1,657,13.7,361.65,2.23,34.4
1.40939,18.0,16.66,0,0.766,6.687,65.8,10.5568,23,597,14.6,360.94,9.92,39.0
1.00941,95.0,5.57,0,0.53,5.838,86.9,8.2809,6,654,17.0,287.14,6.72,31.1
6.08851,0.0,10.46,0,0.4,6.138,89.6,5.7745,10,410,16.2,375.03,33.8,16.6
0.75925,0.0,9.7,1,0.668,7.719,92.1,10.0137,16,700,19.8,310.77,11.17,32.4
9.90861,95.0,1.22,0,0.575,5.203,11.3,10.9614,4,379,19.3,394.3,6.12,27.4
0.03669,25.0,1.17,0,0.857,4.904,55.3,2.3174,22,200,17.7,262.21,5.43,31.3
10.50758,12.5,23.37,0,0.647,6.749,74.6,6.8513,22,490,20.2,315.38,26.9,27.8
0.13236,80.0,8.01,0,0.515,5.725,76.2,4.1296,13,613,17.6,333.38,1.23,36.5
6.65316,25.0,14.75,0,0.728,5.977,61.5,1.5177,16,550,21.6,310.77,18.44,26.2
2.25043,95.0,8.71,0,0.513,5.653,18.3,8.354,20,257,14.2,281.59,5.4,30.8
14.87049,18.0,26.37,0,0.823,6.018,80.1,10.4905,6,464,19.1,338.95,32.44,12.5
0.22998,95.0,7.63,0,0.564,7.319,72.6,2.7919,11,319,15.7,363.39,36.46,20.7
2.42133,25.0,12.32,0,0.649,6.761,10.4,9.9366,24,461,14.8,346.73,36.47,17.8
10.45073,60.0,24.5,0,0.405,6.804,47.5,10.3874,3,437,13.8,285.17,17.35,26.7
2.22133,0.0,23.65,1,0.589,5.209,19.0,11.0577,20,539,17.5,359.74,24.85,15.9
2.97788,0.0,5.62,0,0.788,5.394,35.1,3.9181,10,619,14.2,288.53,23.19,21.8
3.5697,40.0,22.57,0,0.775,4.213,3.8,10.9435,1,449,14.0,276.28,13.95,18.5
1.81838,40.0,13.1,0,0.49,5.633,41.2,4.5273,20,313,21.9,353.6,17.43,22.5
2.96302,95.0,13.78,0,0.491,6.87,55.9,7.0757,11,283,20.0,376.42,3.38,33.2
2.63348,80.0,4.17,0,0.78,6.562,62.7,1.5556,12,274,19.5,322.23,30.44,21.3
6.9427,18.0,2.72,1,0.836,6.045,67.0,1.4827,14,659,19.9,329.71,9.91,32.7
0.13953,60.0,20.52,0,0.427,6.184,84.0,8.9241,8,420,21.7,295.41,18.04,25.7
0.98953,12.5,14.15,0,0.601,5.718,23.1,5.8893,11,192,17.7,324.19,18.78,24.2
9.01199,25.0,12.51,0,0.545,6.343,13.8,3.8192,4,326,14.2,269.8,21.75,29.0
6.62903,80.0,20.56,0,0.807,6.736,85.5,3.0945,7,274,20.6,393.37,31.26,23.9
1.82453,18.0,21.55,0,0.421,5.069,17.3,8.3695,10,472,19.4,370.05,26.6,18.5
2.9038,40.0,4.87,0,0.483,6.41,97.5,1.0044,19,204,16.1,350.2,25.53,24.1
0.97462,95.0,17.28,0,0.749,6.853,84.6,9.8648,4,451,16.7,330.73,20.49,25.2
0.62521,25.0,4.22,0,0.405,5.909,51.1,1.8717,2,684,16.1,368.83,4.55,29.2
1.86918,40.0,21.16,0,0.621,6.69,98.2,3.1064,21,345,21.3,324.21,15.87,29.0
1.30786,95.0,18.57,0,0.597,8.17,11.5,5.2486,18,266,15.4,295.0,36.42,24.8
2.62873,25.0,26.81,0,0.544,6.127,31.7,6.3334,14,670,21.6,274.06,37.84,12.6
0.24277,12.5,2.4,0,0.573,6.475,64.5,4.9049,16,320,21.1,347.14,28.03,24.0
10.99488,18.0,2.07,0,0.64,5.683,36.3,4.5278,22,282,18.3,389.41,9.42,25.5
12.8516,25.0,8.26,0,0.459,6.327,93.0,11.6031,11,405,17.8,273.04,4.77,34.4
3.59359,60.0,7.7,0,0.66,6.522,8.4,8.0574,10,473,15.7,277.0,16.35,27.2
2.30424,80.0,7.29,0,0.775,6.336,55.8,1.2578,17,485,12.2,315.04,32.69,18.2
1.11114,0.0,25.42,0,0.752,5.486,59.9,5.7319,14,433,13.3,371.03,27.71,15.1
5.04272,60.0,7.36,0,0.455,6.344,66.0,10.6251,22,359,19.5,294.09,33.7,15.3
3.46299,60.0,7.98,0,0.453,7.224,27.1,4.316,4,219,16.7,288.09,23.78,30.4
0.53242,80.0,21.38,0,0.511,6.514,37.7,2.0401,19,699,13.5,342.99,5.82,33.9
7.2549,0.0,12.87,0,0.557,6.873,84.7,9.3422,2,415,14.6,330.34,5.25,34.9
5.18698,60.0,21.86,0,0.58,6.034,21.1,7.6662,7,642,21.5,259.03,2.78,36.8
8.97522,25.0,2.3,0,0.713,6.725,83.0,7.2734,9,407,15.7,262.22,21.98,20.6
3.88081,25.0,13.91,0,0.408,6.395,57.1,1.5893,19,662,21.1,346.45,9.99,32.0
2.85121,25.0,1.42,0,0.397,5.534,76.7,2.5455,16,609,15.0,319.77,28.17,12.9
1.62511,0.0,2.22,0,0.572,6.423,71.9,7.848,22,201,17.4,395.65,26.39,20.9
8.09706,60.0,25.43,0,0.722,5.506,22.3,3.2861,16,522,12.2,351.78,12.77,21.0
6.03118,95.0,4.33,0,0.475,5.757,57.7,6.5448,18,219,17.2,251.51,7.54,30.9
0.13882,0.0,15.14,0,0.694,6.333,87.0,6.9937,23,352,18.4,322.15,4.79,27.2
0.08016,25.0,11.81,0,0.507,6.408,44.3,4.1186,21,618,14.3,312.17,28.28,20.8
1.41704,80.0,10.05,0,0.814,5.368,96.7,11.4327,21,358,17.8,266.01,17.67,18.9
4.99094,60.0,25.25,0,0.819,6.938,46.3,10.2671,11,312,18.5,388.48,12.97,28.0
13.09283,60.0,1.1,0,0.526,6.6,16.0,8.9461,7,530,18.9,370.75,32.7,16.0
0.48903,40.0,18.75,0,0.493,5.707,40.2,1.8579,9,704,19.8,284.51,22.96,25.2
2.70517,40.0,26.99,0,0.582,5.124,95.3,2.1674,4,719,15.1,288.4,20.17,19.0
1.43842,12.5,15.9,0,0.498,6.099,33.3,6.4206,13,685,17.7,254.8,28.51,25.1
10.51113,95.0,26.26,0,0.709,5.888,87.1,2.7678,4,263,21.8,294.51,31.18,22.2
5.53774,95.0,1.94,0,0.785,6.279,88.4,11.7609,19,643,21.0,337.69,26.38,27.4
5.46657,18.0,12.02,0,0.71,5.946,36.3,2.7437,2,522,21.5,313.13,17.28,24.1
1.89725,95.0,7.65,0,0.784,4.795,10.2,6.3621,9,459,15.9,395.39,15.03,22.0
1.6075,40.0,20.6,1,0.575,5.928,73.0,5.0053,12,442,19.9,258.41,29.55,19.8
0.95817,0.0,27.49,0,0.457,5.986,32.5,8.0333,2,345,18.2,338.71,20.16,22.6
0.17408,95.0,7.55,0,0.742,6.644,78.7,2.4194,6,472,12.8,378.75,27.06,24.3
6.00128,40.0,18.49,0,0.557,5.711,45.4,5.7335,5,688,20.2,322.11,33.94,12.2
5.02835,12.5,5.95,0,0.709,7.375,49.6,4.0218,5,405,18.8,250.44,34.89,15.7
24.51734,60.0,16.05,0,0.513,4.862,78.2,10.7653,20,349,14.0,286.42,11.28,22.3
17.08462,95.0,13.26,0,0.42,7.118,39.5,1.4464,22,627,12.8,298.57,7.95,30.9
2.43195,12.5,27.23,0,0.866,6.043,45.4,11.051,5,681,20.4,394.9,10.67,25.5
4.39585,60.0,17.23,0,0.457,6.802,38.9,10.1629,4,706,12.8,386.77,28.8,19.6
8.68852,80.0,10.11,0,0.864,6.256,38.0,4.2733,9,558,12.9,392.38,14.69,30.9
5.68432,80.0,3.64,0,0.859,6.998,53.5,9.6822,22,380,16.3,373.86,7.42,34.8
0.85246,60.0,4.66,1,0.769,5.929,81.3,1.3433,10,429,13.3,302.75,4.64,26.7
1.79648,95.0,6.7,0,0.703,5.431,37.5,11.6355,16,588,21.1,385.88,13.11,21.3
0.41489,18.0,7.4,0,0.663,7.194,53.4,6.7925,10,304,16.7,397.25,6.04,34.8
9.24067,40.0,23.89,0,0.804,6.121,67.7,4.3361,10,292,17.7,302.51,6.79,31.1
2.79554,0.0,15.93,1,0.522,6.355,28.4,4.9884,19,316,21.3,289.08,26.3,19.5
0.77881,0.0,14.89,0,0.609,7.064,29.2,1.7305,10,675,17.3,332.04,1.73,36.8
3.34149,25.0,3.66,0,0.684,5.478,93.5,11.8828,6,329,15.5,278.07,5.35,29.1
2.88801,60.0,24.15,0,0.581,6.617,72.9,1.4322,17,522,20.0,254.89,32.24,20.3
1.33026,0.0,20.38,0,0.589,5.787,58.6,8.204,5,500,16.4,391.87,32.26,9.6
0.36162,95.0,2.36,0,0.542,6.107,65.5,5.8701,6,711,15.2,388.86,13.18,28.4
3.34032,18.0,19.97,0,0.656,6.251,4.9,11.4381,24,468,19.2,274.4,4.25,27.2
2.20383,60.0,15.45,0,0.797,5.15,62.6,3.706,15,668,20.0,311.16,27.08,15.9
4.43942,18.0,2.75,0,0.479,5.655,51.9,6.853,19,671,19.9,374.66,14.32,23.3
2.20293,95.0,13.1,0,0.838,7.146,55.5,6.3059,18,431,21.8,349.15,2.68,33.7
5.73531,0.0,13.83,0,0.718,6.82,37.2,8.7315,4,256,19.9,309.22,6.84,35.5
2.40826,0.0,5.06,0,0.783,6.156,10.0,1.7481,8,571,19.7,361.63,6.08,27.9
2.46934,25.0,26.51,0,0.653,6.37,20.9,3.1317,16,591,20.6,384.56,22.8,22.1
6.27828,0.0,23.87,0,0.762,5.994,95.2,3.3602,24,352,12.0,388.92,34.23,18.6
1.54994,60.0,18.9,1,0.388,7.15,42.1,9.1197,19,380,15.6,306.83,30.34,21.5
0.43166,95.0,13.21,0,0.781,6.06,47.7,3.0805,20,396,19.4,276.03,21.22,21.3
0.08762,80.0,11.82,0,0.4,6.362,7.2,7.3084,3,555,18.0,386.93,16.62,26.3
4.22117,95.0,18.4,0,0.816,7.002,5.7,3.3677,10,190,13.8,263.88,23.89,27.1
2.9052,60.0,15.5,1,0.866,5.656,72.3,10.4779,2,191,15.0,358.25,17.42,27.8
3.653,60.0,2.21,0,0.524,7.291,54.7,11.364,4,614,15.4,271.07,10.11,30.8
0.71844,25.0,14.59,0,0.483,5.129,51.9,6.7034,6,552,17.7,308.41,26.13,14.8
0.43984,25.0,22.68,0,0.755,7.341,25.8,4.8754,11,452,20.3,311.73,33.31,21.8
0.04395,0.0,13.13,0,0.504,5.939,75.0,3.5746,14,688,21.3,273.81,14.8,27.0
1.29506,12.5,1.93,0,0.804,6.03,18.5,1.5476,16,311,19.5,388.4,32.14,15.5
2.67419,95.0,22.12,0,0.43,4.877,20.6,3.9535,21,498,20.4,250.4,16.95,22.7
1.49395,95.0,6.04,0,0.442,5.882,47.1,8.1966,19,347,16.7,384.07,15.85,22.6
1.72596,12.5,7.61,1,0.86,5.472,30.1,6.8698,2,576,15.9,382.57,2.05,24.9
7.03518,25.0,5.03,0,0.71,5.775,26.3,11.3845,17,359,15.9,297.54,26.73,20.3
1.28431,0.0,9.58,0,0.795,6.104,65.2,5.359,9,237,18.2,355.64,30.88,20.7
2.16458,12.5,21.31,0,0.539,6.87,65.8,8.6325,17,659,13.2,287.92,25.55,27.5
4.59262,0.0,14.78,0,0.711,6.345,82.8,6.3826,15,639,17.8,363.82,6.6,25.4
1.51524,0.0,6.13,0,0.671,6.415,42.9,6.6383,7,240,18.7,334.17,4.82,31.0
2.91927,0.0,24.64,0,0.676,5.433,9.2,3.9455,22,548,16.4,295.03,22.2,19.4
5.94942,40.0,24.69,0,0.714,5.583,28.8,6.0045,23,300,21.5,310.04,15.86,28.8
8.95857,60.0,24.44,0,0.662,7.459,98.0,6.1786,19,196,18.1,353.48,16.88,29.6
0.47725,0.0,7.07,1,0.59,5.685,60.4,8.7731,3,675,14.2,385.91,36.81,10.2
7.83499,40.0,12.91,0,0.515,7.359,71.6,11.347,1,676,16.8,269.61,27.79,25.3
2.03251,25.0,27.59,0,0.757,6.03,2.7,4.6225,4,684,18.8,335.7,16.24,29.6
0.89621,12.5,21.73,1,0.491,6.202,52.8,1.4642,18,711,15.2,288.06,1.71,37.1
1.84376,60.0,1.25,0,0.719,6.949,5.7,6.4592,8,494,12.8,370.21,2.26,38.1
11.74096,80.0,2.29,0,0.494,7.09,57.8,6.9891,19,248,17.8,260.54,26.34,24.2
2.03547,12.5,13.26,0,0.686,6.122,92.2,2.8528,23,340,21.5,353.34,32.0,11.4
1.19585,60.0,25.5,0,0.746,5.928,96.9,9.3651,23,324,16.9,276.24,27.18,20.0
3.01046,80.0,15.31,0,0.487,6.161,55.0,11.8342,6,564,21.1,339.46,16.02,26.7
0.82389,12.5,14.19,0,0.409,6.437,46.9,11.4035,1,448,20.4,375.35,2.15,34.1
0.23669,60.0,3.4,0,0.444,6.824,94.6,3.1682,8,633,13.5,363.26,36.79,21.0
0.41393,12.5,18.56,0,0.677,6.203,68.0,10.629,1,697,19.1,362.94,37.49,15.5
0.41106,12.5,23.11,0,0.796,6.633,8.4,8.7494,19,529,16.4,327.68,21.33,24.7
0.49428,80.0,10.96,0,0.402,7.347,47.6,5.9923,11,289,14.5,383.61,3.61,40.6
0.44838,12.5,21.83,0,0.74,6.467,25.5,6.9467,21,662,18.9,338.22,21.02,24.0
3.07225,12.5,27.02,1,0.547,6.418,48.0,10.3456,24,586,19.4,387.63,34.02,18.4
0.60224,80.0,6.1,0,0.614,5.137,46.6,6.2815,15,230,13.8,331.98,26.16,20.1
1.27242,25.0,14.89,0,0.835,4.358,59.1,5.1053,23,582,21.1,325.89,27.64,10.4
6.81292,0.0,8.4,0,0.543,6.472,37.0,6.4257,11,655,19.5,283.35,4.14,29.4
1.92714,95.0,22.3,0,0.608,6.134,18.1,7.3704,19,266,21.3,331.72,4.94,35.9
3.30387,18.0,16.38,1,0.387,5.84,51.4,3.0799,21,247,15.2,271.09,5.71,28.2
0.56739,40.0,17.95,0,0.42,6.37,83.4,10.91,10,221,21.4,380.45,34.46,20.2
0.64065,18.0,22.44,0,0.507,6.158,67.1,8.4161,24,236,15.7,351.38,20.46,19.0
0.12518,18.0,11.39,0,0.394,6.989,35.2,7.966,12,375,12.5,399.05,30.29,15.3
0.55514,60.0,25.66,0,0.689,6.26,93.7,2.0945,1,241,19.6,263.81,5.27,33.4
0.97964,0.0,15.16,0,0.589,5.677,91.4,7.6459,24,442,19.0,286.1,35.32,14.5
0.58444,60.0,4.84,0,0.649,6.893,22.5,2.3306,7,291,18.0,381.57,31.38,22.9
0.27866,0.0,19.64,0,0.466,6.048,5.9,1.8657,17,357,16.9,309.29,9.32,35.1
0.38567,80.0,22.31,0,0.525,6.569,74.6,6.8004,10,205,12.3,319.95,33.34,15.8
1.85289,80.0,9.21,0,0.705,5.866,83.1,5.4306,6,589,18.2,379.1,10.75,27.9
0.69328,95.0,24.07,0,0.853,5.745,96.9,7.4769,17,710,16.2,328.27,8.6,33.0
1.35894,0.0,25.42,0,0.405,6.259,89.2,1.9814,18,496,17.6,279.02,10.78,26.2
2.10002,12.5,8.11,0,0.816,6.209,60.9,5.7408,5,711,16.3,383.8,34.67,15.4
3.51737,25.0,27.55,0,0.663,6.536,53.9,2.9227,18,285,21.7,254.66,34.88,12.9
0.12032,95.0,4.37,0,0.656,6.012,4.7,11.8581,17,643,18.0,384.31,13.17,34.2
4.81948,95.0,6.06,0,0.625,4.915,26.2,7.1727,22,425,19.5,257.58,27.1,8.8
2.96578,12.5,5.57,0,0.414,5.897,47.0,8.5618,16,260,21.4,349.88,26.0,22.5
0.25589,25.0,25.08,0,0.424,6.756,63.6,4.5796,8,575,17.9,260.75,30.84,17.6
6.2044,60.0,18.49,0,0.674,5.992,56.6,2.0421,24,701,12.1,355.93,11.97,23.9
7.61008,25.0,4.68,0,0.547,6.028,74.8,11.7346,13,443,12.3,255.1,19.88,26.2
0.18907,60.0,12.61,0,0.829,6.89,29.4,4.1488,24,453,19.0,376.37,25.7,22.5
0.97253,80.0,17.42,0,0.579,5.702,57.4,5.6619,16,351,14.8,319.89,1.97,33.6
4.92281,18.0,2.8,0,0.45,5.12,10.6,8.1485,11,444,17.8,264.02,14.94,26.4
4.13807,80.0,24.77,0,0.73,6.088,42.5,1.2717,6,205,14.0,356.02,26.75,21.0
0.61194,80.0,22.6,0,0.524,5.861,75.5,9.9129,3,648,14.7,323.39,10.35,30.8
0.7047,18.0,14.39,0,0.637,5.524,70.0,6.9024,1,655,17.0,278.64,36.44,14.0
1.38836,25.0,27.1,0,0.722,6.077,99.1,4.0604,18,535,21.8,252.35,2.12,33.4
1.98799,95.0,11.99,0,0.821,6.544,29.2,1.6777,5,205,18.2,312.7,36.45,15.7
2.88901,25.0,27.56,0,0.768,6.193,50.8,2.7875,13,213,21.4,262.84,9.02,35.6
1.38094,60.0,18.87,0,0.711,6.415,34.3,10.8454,10,443,21.6,264.13,2.81,36.3
1.86267,12.5,17.95,0,0.713,7.469,45.2,8.5463,5,317,14.1,290.1,11.82,35.3
4.12869,60.0,5.06,0,0.844,5.96,86.0,3.7489,14,641,15.1,344.57,30.09,20.5
0.11212,12.5,24.75,1,0.525,6.395,69.1,1.7216,17,347,19.7,329.49,28.84,19.1
0.87281,80.0,12.26,0,0.381,5.844,88.5,8.5968,1,260,20.7,260.35,8.73,31.7
3.74848,18.0,4.96,0,0.513,5.608,21.9,7.2965,2,586,17.2,395.26,8.28,32.4
6.7673,80.0,0.85,0,0.487,5.791,87.6,5.4497,7,225,21.9,383.08,24.78,15.6
2.15034,0.0,15.89,1,0.704,5.865,7.9,4.9997,10,232,12.1,288.88,17.95,25.8
2.27859,25.0,15.0,0,0.691,6.452,89.1,3.385,20,655,15.0,268.35,30.31,20.5
0.34008,12.5,20.28,0,0.671,7.844,34.2,8.3657,7,195,18.2,391.36,1.89,38.8
1.77943,60.0,24.98,0,0.388,5.699,32.8,11.6773,24,539,16.7,319.17,23.59,17.5
2.28182,18.0,2.68,0,0.737,5.908,52.2,2.9329,16,666,13.2,296.68,28.03,22.4
0.83308,12.5,20.62,0,0.539,6.156,94.2,7.5683,5,681,15.7,323.55,37.76,16.2
0.94102,60.0,5.65,0,0.706,6.477,6.7,5.666,12,320,12.3,365.91,26.11,22.1
1.42099,25.0,24.1,0,0.653,6.384,36.5,5.9136,17,626,18.4,275.26,9.58,32.2
0.06083,80.0,23.02,0,0.548,7.099,85.9,3.7956,16,469,20.9,365.12,5.0,35.5
1.16617,25.0,15.37,0,0.446,4.502,40.8,10.0765,20,388,20.8,362.42,24.71,13.4
0.71267,40.0,20.03,0,0.426,4.529,21.5,6.3378,16,654,19.0,330.9,20.36,18.2
1.19025,0.0,9.14,0,0.787,5.853,43.6,6.9775,19,592,16.7,379.88,34.27,16.0
0.38269,40.0,13.46,0,0.83,6.968,39.8,4.3524,15,606,17.1,269.82,27.88,18.6
6.63624,18.0,23.1,0,0.698,5.104,91.7,2.9999,12,550,13.4,339.32,19.86,17.6
2.7012,12.5,13.13,0,0.431,4.095,76.7,1.945,21,469,15.4,317.4,15.93,14.2
3.4099,18.0,10.34,0,0.577,6.6,51.5,8.8553,10,611,13.9,313.34,15.96,23.0
4.67013,80.0,14.09,0,0.737,6.371,98.9,3.1586,22,447,20.2,287.88,9.37,31.5
2.07011,60.0,23.28,0,0.762,5.437,47.6,8.5908,2,330,21.1,305.84,1.64,28.6
0.2728,25.0,9.72,0,0.438,5.51,7.7,5.2941,7,434,17.4,266.22,22.27,24.0
2.31078,40.0,5.28,0,0.38,5.521,27.7,5.5735,13,532,19.3,287.74,8.86,21.8
2.65177,95.0,20.08,0,0.729,6.277,44.7,6.161,3,556,13.2,290.79,8.71,29.5
4.10465,40.0,23.21,0,0.555,5.762,17.4,5.0448,15,537,18.1,358.1,5.64,27.8
1.6951,80.0,3.27,0,0.505,6.546,94.9,2.1068,1,549,19.0,257.28,8.02,27.2
0.40945,40.0,7.1,0,0.386,4.202,77.2,4.4059,3,406,16.5,347.68,2.18,25.7
1.00129,80.0,4.4,1,0.645,5.6,28.3,8.3011,10,482,14.4,283.21,25.95,14.8
1.35334,95.0,10.07,0,0.797,5.412,59.9,8.3236,15,568,20.8,262.28,15.85,24.2
3.11467,18.0,12.88,0,0.849,6.021,72.7,4.1485,22,556,19.4,295.12,21.78,24.9
2.53735,25.0,21.09,0,0.657,5.823,94.2,6.0611,6,297,21.0,283.67,24.57,21.4
1.32062,12.5,18.41,0,0.632,6.758,88.4,3.1279,20,184,20.2,332.8,36.98,19.5
12.91859,60.0,17.58,0,0.422,4.898,52.5,3.3141,15,623,21.9,303.61,3.53,29.0
2.7925,12.5,10.19,0,0.649,6.232,77.9,1.2535,24,531,13.9,394.9,16.46,26.2
0.81238,18.0,23.64,0,0.566,6.591,57.1,10.8642,21,712,12.9,394.53,10.1,28.7
0.32203,60.0,13.46,0,0.677,7.5,56.2,3.3178,7,303,15.4,316.56,18.64,28.8
0.49766,40.0,27.43,0,0.57,5.863,13.2,3.5029,21,456,13.3,369.26,35.06,14.1
0.84692,95.0,17.94,0,0.498,6.427,14.4,4.0756,5,573,17.2,251.99,27.79,18.6
0.52549,95.0,3.97,0,0.427,4.937,53.9,2.4015,4,539,18.3,332.17,25.49,19.3
0.61948,0.0,19.09,0,0.534,4.526,28.3,8.0319,22,648,17.8,361.49,17.33,20.9
1.00682,18.0,9.44,0,0.427,6.791,4.1,1.8266,18,236,14.6,282.54,25.83,19.1
0.57121,18.0,19.37,0,0.467,6.196,72.8,2.4762,3,430,21.1,259.18,2.2,31.1
6.81225,25.0,2.42,0,0.864,7.025,5.2,8.0923,17,329,12.2,273.39,22.69,22.5
0.25091,12.5,5.31,0,0.598,5.239,60.3,4.7363,18,631,15.5,316.28,21.49,21.1
2.23024,18.0,24.03,0,0.641,6.564,54.8,8.7874,18,341,19.2,325.96,13.83,32.2
1.58492,18.0,6.75,0,0.808,7.508,96.9,7.1317,24,299,19.7,307.13,8.46,36.9
12.11593,40.0,23.52,0,0.868,6.494,49.5,3.8162,24,530,16.2,316.0,30.88,16.6
0.35648,40.0,8.18,0,0.666,6.394,8.2,8.1591,2,278,12.2,320.54,2.99,33.1
1.52177,60.0,18.18,0,0.778,6.206,56.1,2.279,13,346,18.2,365.42,3.58,28.6
10.46718,80.0,19.59,0,0.54,5.1,84.4,6.9005,22,693,12.6,265.79,17.3,16.2
6.01873,80.0,14.6,0,0.53,7.149,99.7,5.8086,15,580,13.1,365.34,10.34,35.1
5.09599,0.0,8.9,0,0.577,5.772,44.2,3.9466,5,544,18.5,353.29,28.58,22.4
0.89483,80.0,6.35,0,0.71,6.553,33.4,7.6441,3,505,15.1,361.25,24.47,21.7
0.5622,25.0,1.41,0,0.714,5.106,90.9,10.5847,5,426,15.5,360.17,29.58,15.7
3.31368,0.0,8.86,0,0.534,5.374,20.7,11.988,5,613,16.9,320.59,13.01,26.7
7.95116,60.0,18.46,0,0.445,7.205,62.3,7.6854,5,272,21.8,281.71,28.4,18.4
2.44095,40.0,26.3,0,0.69,5.957,41.8,5.4518,3,447,21.7,330.49,32.91,13.9
2.54318,80.0,24.46,0,0.443,7.217,6.0,3.4773,3,500,16.2,393.7,13.78,37.6
0.98543,12.5,21.57,0,0.663,6.145,36.0,3.8281,20,241,14.7,338.28,13.58,24.8
4.40242,40.0,22.18,0,0.72,4.911,28.0,6.274,23,479,15.0,251.66,34.3,10.7
0.62123,95.0,18.79,0,0.723,6.824,69.2,5.0401,18,582,14.7,258.96,2.84,34.0
1.17326,25.0,7.66,0,0.749,5.787,95.0,11.052,20,482,17.3,398.93,13.96,20.0
1.66243,40.0,25.45,0,0.808,6.689,28.3,5.0513,4,432,18.1,260.79,5.39,34.1
2.12545,25.0,18.95,1,0.625,6.218,81.5,5.1079,1,657,16.9,256.91,2.07,33.4
0.83284,25.0,15.91,0,0.738,5.12,7.4,5.2189,16,548,16.1,302.95,5.18,28.3
0.36595,25.0,3.55,0,0.683,6.315,54.7,10.2028,8,339,14.1,395.4,16.96,26.5
2.8296,60.0,12.79,0,0.471,7.737,8.9,8.1587,17,345,16.8,297.8,26.42,25.9
1.02169,25.0,13.16,1,0.393,6.545,93.5,7.7559,8,384,15.4,311.48,11.7,28.6
2.61136,25.0,24.28,0,0.519,6.16,77.1,4.6756,7,446,17.4,345.11,32.44,16.5
0.50299,95.0,15.53,0,0.597,6.953,66.5,9.9969,8,317,18.8,253.62,17.19,26.2
1.96836,12.5,10.96,0,0.682,6.347,82.7,1.422,21,547,18.3,384.66,36.82,14.2
2.28164,0.0,27.36,0,0.796,6.347,65.5,10.5788,24,622,16.6,327.92,36.3,14.0
0.15964,18.0,3.54,0,0.476,5.436,97.0,6.6402,12,196,17.6,320.02,29.61,18.6
1.23115,95.0,12.12,0,0.442,6.364,72.0,5.3808,16,247,14.8,379.11,35.5,18.4
0.43305,0.0,1.66,0,0.852,6.925,92.6,6.4688,12,312,12.2,392.96,27.16,24.1
0.19642,25.0,20.85,0,0.433,5.615,52.7,8.3416,19,609,18.3,313.51,34.14,21.2
13.8036,12.5,25.75,0,0.614,7.197,13.5,1.1404,10,487,14.5,275.87,9.75,29.1
1.16739,40.0,8.2,0,0.667,6.136,53.8,10.5871,7,353,18.7,372.36,13.78,30.8
4.98021,12.5,24.1,0,0.645,5.579,14.4,5.9141,12,591,19.5,310.49,28.86,16.4
0.88167,95.0,8.54,0,0.422,6.898,60.1,4.7726,20,276,21.2,390.33,16.71,29.6
3.43242,25.0,25.55,0,0.408,5.999,49.3,2.5207,5,333,21.6,392.48,31.98,19.5
4.2842,12.5,21.23,0,0.432,6.732,63.0,5.8341,16,421,12.1,267.22,33.47,18.1
2.71634,80.0,22.63,0,0.667,5.996,3.0,6.4596,9,483,21.9,393.48,12.09,24.4
1.91357,12.5,1.0,0,0.647,6.158,21.1,5.4401,7,464,18.8,305.24,31.47,15.9
1.59227,25.0,26.98,0,0.495,6.545,50.2,8.4653,20,206,18.4,346.94,6.71,26.3
1.28713,60.0,20.48,0,0.693,6.404,95.1,5.6299,22,581,12.2,255.21,13.37,30.6
7.95767,80.0,8.88,0,0.782,4.803,39.6,11.5756,14,539,20.6,383.33,20.16,19.7
5.32682,12.5,23.31,0,0.4,5.415,43.6,7.5921,11,239,13.5,346.24,9.38,30.9
10.05953,18.0,8.24,0,0.624,6.851,72.0,9.8823,7,381,20.4,346.53,22.43,25.9
0.39819,18.0,24.5,0,0.718,6.108,61.2,2.2029,10,549,12.2,385.33,22.41,25.1
3.93765,12.5,3.6,0,0.504,5.833,31.3,5.3702,9,712,18.5,326.25,8.66,28.2
8.35838,60.0,19.85,0,0.531,5.249,42.3,4.7053,4,331,16.3,311.58,30.44,15.9
0.59987,40.0,15.37,0,0.681,5.444,23.3,7.2643,16,281,14.0,379.92,24.37,22.8
0.20643,25.0,3.15,0,0.82,4.785,96.7,10.4722,10,625,13.1,361.36,12.76,23.3
4.05418,18.0,7.15,0,0.777,6.129,14.8,1.8617,19,408,16.4,392.35,9.59,27.5
2.56328,40.0,0.84,0,0.666,5.781,38.4,1.7983,24,304,13.2,391.02,33.51,15.3
5.53223,12.5,13.39,0,0.738,5.523,4.5,10.3535,17,415,16.9,307.35,31.92,17.6
0.45167,95.0,8.78,0,0.559,6.152,23.7,3.3414,9,341,18.3,317.05,9.5,28.3
4.75815,40.0,16.95,0,0.694,6.455,78.5,8.3563,13,532,20.3,288.4,2.32,36.6
0.67554,80.0,8.67,0,0.608,7.665,21.7,6.9717,1,247,18.8,349.1,30.77,30.9
0.53615,0.0,8.75,0,0.473,5.142,9.8,10.1618,2,352,12.7,304.68,23.77,21.3
0.53833,18.0,20.94,0,0.724,7.012,48.5,2.376,13,440,15.1,367.92,4.73,37.8
5.05531,12.5,1.82,0,0.653,6.881,3.0,2.4276,24,396,14.9,268.23,22.73,26.4
3.28264,95.0,25.33,0,0.556,5.655,10.3,7.125,9,303,21.2,267.46,17.73,20.9
2.22113,25.0,23.94,0,0.827,6.342,81.1,11.4102,7,341,20.7,280.67,29.66,17.6
1.33338,95.0,18.86,0,0.39,5.88,77.6,5.565,16,380,15.7,262.64,8.74,26.3
6.29161,60.0,16.81,0,0.535,6.33,91.7,4.5964,19,633,12.7,343.0,17.77,27.2
1.49494,80.0,25.04,0,0.408,7.256,85.7,7.6736,7,581,20.9,272.1,6.78,34.2
5.08825,12.5,5.6,1,0.756,6.624,69.0,11.2349,6,641,20.9,273.99,36.43,17.4
1.73482,25.0,2.67,0,0.724,6.556,7.1,10.2062,18,454,20.5,252.13,29.81,22.3
1.41936,60.0,7.09,0,0.542,5.899,78.7,11.9503,19,385,20.5,367.31,28.26,16.7
1.86348,60.0,22.35,0,0.711,5.161,84.9,1.2483,11,219,16.8,371.84,26.54,15.6
1.07594,12.5,1.45,0,0.574,6.054,80.3,2.2414,12,452,13.8,274.3,16.66,26.7
4.13033,80.0,16.53,0,0.751,7.045,51.8,7.7041,10,272,16.8,360.93,35.16,19.1
2.09581,40.0,27.87,0,0.603,5.131,24.8,10.0263,13,221,16.9,315.03,3.7,27.8
0.79273,40.0,24.03,0,0.582,5.461,84.8,4.1377,12,644,16.9,285.94,30.72,13.3
6.89502,60.0,14.84,0,0.838,6.288,73.3,3.6313,21,558,17.4,343.21,8.96,29.1
1.453,40.0,2.25,0,0.503,5.511,98.1,9.6567,10,286,14.6,276.77,12.99,30.3
2.35285,0.0,23.36,0,0.439,5.645,17.3,1.6202,20,507,15.7,363.53,20.22,20.8
7.10849,60.0,16.97,0,0.666,5.903,24.1,5.0632,18,244,16.3,257.14,29.96,14.1
2.9364,60.0,3.66,0,0.855,5.244,22.8,6.5639,4,544,13.3,393.87,32.03,17.4
0.37294,25.0,3.08,0,0.565,5.518,79.7,7.1638,24,663,16.6,260.78,22.6,22.3
8.43185,40.0,25.51,0,0.41,6.692,20.3,9.0148,5,203,20.1,336.92,15.91,28.2
2.96423,80.0,18.9,0,0.546,5.285,8.5,4.9033,5,719,20.3,385.33,36.02,8.7
1.22348,60.0,23.31,0,0.628,5.081,99.9,7.7395,12,241,16.1,251.79,10.12,21.6
0.44993,95.0,24.67,0,0.459,5.759,4.4,7.4391,3,670,17.2,324.78,30.71,13.0
4.74,80.0,16.22,0,0.702,6.712,83.9,7.0238,8,452,12.3,302.5,23.65,25.6
2.90333,0.0,14.73,0,0.869,6.062,37.8,8.0453,22,408,18.7,337.05,14.95,29.4
2.28724,25.0,12.34,0,0.601,5.875,84.5,3.8539,2,199,16.0,283.82,1.05,34.0
6.72991,12.5,9.22,0,0.554,6.231,56.4,1.9311,18,182,16.5,259.73,17.52,31.0
4.66197,80.0,12.45,0,0.576,4.978,90.4,2.312,9,600,20.7,343.89,11.24,22.3
0.49347,60.0,21.78,0,0.436,6.546,92.8,3.4704,13,486,16.6,312.53,4.86,32.7
1.12069,0.0,17.05,0,0.813,6.468,2.9,6.5022,7,611,12.2,343.37,3.78,34.1
0.85701,18.0,25.04,0,0.583,5.913,9.4,10.2449,10,315,14.3,281.58,13.86,25.9
4.0871,0.0,12.69,0,0.57,6.904,26.5,8.7142,9,694,16.8,300.81,23.75,26.6
0.10232,0.0,17.19,0,0.703,5.411,67.6,9.6794,22,372,16.2,334.25,31.99,13.7
2.53114,25.0,17.86,0,0.597,6.99,89.1,4.8607,15,594,20.6,338.97,7.79,29.5
4.31224,12.5,16.77,0,0.698,6.308,47.1,5.4512,5,297,17.4,305.85,16.71,20.9
6.281,18.0,19.82,0,0.41,5.964,61.5,5.3305,12,388,18.9,292.01,15.5,26.6
1.25602,40.0,7.03,0,0.779,6.186,20.5,3.1106,1,213,16.7,291.06,20.0,23.0
5.16542,40.0,14.59,0,0.841,6.125,80.9,1.6734,12,497,16.4,276.2,30.95,14.7
0.35173,80.0,3.37,0,0.698,7.054,96.8,7.5001,22,299,16.5,298.81,21.48,25.6
5.62123,0.0,11.07,0,0.848,5.446,28.3,11.8814,6,704,16.1,279.92,32.33,20.6
0.40914,95.0,13.91,0,0.454,5.666,50.5,2.8351,19,268,17.4,345.07,20.19,19.2
1.51894,25.0,18.44,0,0.614,6.925,10.4,1.5135,19,691,14.5,335.36,23.34,28.0
4.78802,95.0,26.64,0,0.675,5.783,56.8,9.5748,16,226,20.9,307.39,17.18,25.1
0.48727,25.0,17.02,0,0.665,6.83,51.3,3.7784,19,701,15.3,298.87,31.45,25.5
0.78118,40.0,20.95,0,0.577,7.39,16.2,10.1261,3,463,13.5,285.64,35.18,21.5
3.84313,80.0,14.42,0,0.546,5.919,45.3,8.7433,23,556,13.0,330.32,24.65,16.1
3.81929,80.0,17.94,0,0.442,6.677,34.7,11.4024,10,313,12.1,387.84,31.37,23.4
3.07453,80.0,2.45,0,0.572,5.392,53.1,5.4982,18,427,16.2,352.86,3.18,28.8
3.55201,18.0,7.5,0,0.46,6.728,59.4,8.2817,13,497,13.9,361.66,34.53,22.9
2.34741,12.5,10.45,0,0.74,6.34,2.8,6.1134,18,615,12.2,375.16,7.99,33.5
0.87025,18.0,13.49,0,0.482,6.531,76.6,7.9365,3,355,17.2,302.75,10.49,33.7
1.27255,60.0,1.76,0,0.409,5.748,71.9,5.9456,23,530,18.8,259.43,2.97,38.4
0.6012,60.0,4.35,0,0.651,5.037,37.9,3.075,3,322,12.9,343.38,36.72,12.5
7.17263,95.0,8.11,0,0.672,6.552,7.2,6.5869,23,577,16.6,278.3,32.52,23.2
2.62683,12.5,27.22,0,0.807,4.756,76.0,6.8144,12,548,19.4,335.36,34.79,10.0
1.53674,40.0,9.61,0,0.663,5.978,95.6,9.9166,20,680,21.9,360.93,32.35,19.1
1.85972,12.5,13.76,0,0.549,6.859,25.5,9.0907,7,549,18.7,367.55,18.74,26.3
8.82847,25.0,5.89,0,0.773,6.334,33.7,8.3017,24,561,14.4,295.28,35.19,17.9
0.49941,60.0,17.3,0,0.645,7.564,20.0,2.2473,8,265,19.2,326.86,36.87,22.9
2.64733,0.0,8.22,0,0.419,6.918,58.5,8.9268,9,639,18.0,343.14,19.59,21.3
2.11498,0.0,6.19,0,0.657,5.742,17.2,6.5034,14,504,14.1,372.92,7.5,27.1
2.83603,40.0,14.71,0,0.825,6.219,36.9,10.8351,5,701,20.5,364.21,25.37,22.5
0.05483,25.0,0.65,1,0.574,6.167,70.3,11.1186,21,668,16.3,398.2,37.09,9.3
6.17008,95.0,0.71,0,0.525,5.092,56.9,1.6067,19,576,21.6,251.21,33.27,12.5
8.06997,18.0,6.52,0,0.45,5.542,39.9,10.0271,21,534,19.2,315.62,32.89,17.5
2.49815,25.0,1.51,0,0.454,5.807,43.2,1.4147,16,467,18.4,288.41,35.55,19.0
3.57861,0.0,3.47,0,0.592,4.775,57.1,5.0389,24,638,19.3,267.98,34.08,9.2
7.67241,0.0,9.82,0,0.672,6.233,2.6,6.9653,12,715,16.8,386.73,29.72,23.0
3.68519,95.0,22.57,0,0.42,6.026,9.7,2.6291,21,470,17.1,399.69,27.58,23.4
0.49653,60.0,16.23,1,0.84,5.029,88.4,9.2095,4,347,20.5,277.09,10.8,18.2
2.57611,25.0,14.6,0,0.75,6.483,9.6,1.0919,8,607,18.8,255.77,23.99,23.9
2.79966,25.0,8.57,0,0.667,6.701,71.3,2.8546,7,669,21.0,291.26,20.3,26.9
1.65562,0.0,26.12,0,0.786,6.359,92.2,7.3888,15,534,20.9,375.23,32.89,23.3
4.00047,18.0,11.42,0,0.419,5.973,28.5,8.8583,6,375,21.8,294.08,19.19,24.6
8.17103,40.0,2.9,0,0.614,6.614,38.3,11.0831,5,190,19.0,258.54,5.73,36.5
7.79363,80.0,17.47,0,0.689,6.676,57.8,8.7605,14,435,17.0,257.87,1.18,32.6
1.79809,40.0,3.63,0,0.786,6.415,88.4,8.3896,21,575,13.7,314.11,26.08,17.6
0.36054,25.0,9.99,0,0.764,5.623,94.3,5.3378,13,588,19.1,389.77,21.35,19.8
12.56752,40.0,14.45,0,0.516,6.394,74.5,1.0141,10,541,14.9,292.89,13.25,31.8
5.47715,0.0,24.54,0,0.841,7.037,10.5,2.3218,18,438,14.8,314.07,7.25,36.5
0.39944,0.0,14.07,0,0.441,5.782,67.6,6.8801,4,182,14.4,265.29,18.27,30.9
7.60892,95.0,19.81,0,0.809,7.669,42.2,8.4264,8,263,20.8,324.04,4.71,32.8
6.11827,25.0,27.8,0,0.856,5.832,48.1,5.5919,24,335,20.7,354.48,13.44,28.8
2.19465,95.0,4.12,0,0.467,6.223,6.8,9.0375,11,355,18.3,290.67,15.03,29.3
2.68414,25.0,8.06,0,0.734,5.729,20.7,6.7405,17,651,16.7,294.51,18.23,22.5
1.52749,80.0,11.35,0,0.4,6.356,79.5,1.8159,18,603,18.7,376.3,18.26,28.4
0.16895,80.0,12.1,0,0.579,4.98,46.5,3.1122,21,313,18.1,251.55,10.51,25.1
1.22479,60.0,11.8,0,0.633,5.818,31.6,10.24,11,559,16.2,345.47,32.46,18.2
4.87142,25.0,25.46,0,0.665,5.436,39.6,8.974,16,456,15.8,309.08,14.16,26.0
0.01393,18.0,20.14,0,0.839,6.295,85.7,10.8424,12,415,15.8,294.76,9.49,33.4
1.21714,40.0,17.22,0,0.709,6.896,75.4,2.2931,13,192,17.9,348.64,7.5,33.9
1.52333,25.0,9.01,0,0.616,6.652,28.7,11.8924,16,521,18.5,375.2,12.94,35.2
2.31265,12.5,23.15,0,0.777,4.54,13.5,3.3035,23,214,16.5,333.76,3.5,25.4
7.57178,60.0,26.76,0,0.846,7.629,26.7,1.1296,21,393,21.7,254.66,2.22,43.9
1.27553,12.5,23.08,0,0.391,6.407,92.2,11.9717,1,591,12.8,319.21,23.39,20.4
1.27832,0.0,0.54,0,0.861,5.656,59.0,4.0918,16,584,15.5,319.41,23.91,17.5
4.01253,80.0,18.0,0,0.422,6.31,54.3,8.3482,15,673,16.2,331.57,20.59,21.6
1.80563,40.0,1.91,0,0.779,6.323,60.4,2.9435,6,338,12.2,350.64,29.2,23.3
0.76315,25.0,7.58,0,0.517,5.733,37.9,7.3825,12,289,15.6,252.9,2.45,29.2
1.80685,12.5,2.14,0,0.445,6.339,81.1,10.9444,8,705,14.7,325.3,35.63,21.7
0.45546,40.0,17.1,0,0.596,5.775,53.3,4.522,7,526,17.1,338.25,4.52,29.2
0.58216,0.0,19.38,0,0.696,5.917,13.4,8.3728,2,458,15.4,301.5,25.94,21.8
2.06966,80.0,3.65,0,0.567,5.72,14.6,3.0669,12,658,19.3,350.25,5.94,31.5
1.62863,18.0,11.06,0,0.407,5.197,54.6,7.8727,21,290,17.1,284.23,33.56,10.7
7.38988,60.0,13.05,0,0.674,6.302,93.8,4.701,14,610,13.3,297.61,19.9,20.0
1.3501,40.0,10.65,0,0.822,6.61,32.2,3.3233,16,294,19.5,394.41,4.04,35.1
2.60671,40.0,3.83,0,0.568,6.56,87.2,4.445,11,269,13.0,302.21,23.82,23.1
3.00117,18.0,12.02,0,0.486,6.774,76.9,2.9673,20,391,20.4,301.98,1.34,37.5
0.03954,40.0,21.16,0,0.597,6.427,26.3,10.9211,9,718,21.3,339.35,29.71,16.8
3.2678,0.0,2.45,0,0.404,5.827,5.6,5.3691,10,539,15.2,395.65,25.07,19.2
0.58818,0.0,2.7,0,0.782,6.788,12.0,3.6981,17,665,21.3,397.46,8.87,32.1
9.73799,18.0,10.26,0,0.785,5.25,73.4,5.9325,12,551,19.9,336.95,14.87,14.8
0.48284,60.0,26.4,0,0.668,5.57,21.6,4.5259,6,394,21.2,250.16,1.29,34.5
1.6065,25.0,18.89,0,0.553,5.525,38.4,9.1886,19,194,18.7,385.1,26.67,16.3
0.26764,12.5,19.16,0,0.772,6.956,51.2,11.6834,11,438,14.4,335.54,12.94,35.8
17.30424,25.0,10.45,0,0.652,6.86,73.1,5.8184,9,642,20.9,304.9,22.15,21.7
2.09264,40.0,16.83,0,0.785,6.541,13.1,10.4714,21,299,13.8,374.38,36.4,16.1
2.71446,12.5,0.78,0,0.689,6.95,41.8,7.2245,6,307,14.1,309.97,12.08,27.6
0.2083,95.0,17.99,0,0.764,5.585,49.5,2.7296,24,702,14.7,255.11,37.64,16.9
4.15841,18.0,25.62,0,0.673,6.444,55.0,8.5969,16,504,15.0,373.16,24.41,24.3
0.70681,18.0,17.35,0,0.583,6.112,82.2,6.6478,20,499,17.1,331.88,9.96,33.6
6.84994,60.0,24.53,0,0.849,6.793,18.8,8.1567,16,685,19.1,300.72,17.16,26.9
0.68877,12.5,20.41,0,0.645,6.119,81.2,10.7866,6,705,21.3,287.63,28.4,20.0
0.63471,0.0,3.82,0,0.676,5.931,69.9,5.8448,5,229,12.9,339.07,17.52,19.8
0.1117,12.5,25.32,0,0.488,6.579,56.5,10.913,21,248,21.5,281.21,3.53,32.7
1.91636,40.0,2.33,0,0.687,6.813,70.6,9.2574,4,570,21.2,298.58,7.24,33.9
2.49613,0.0,15.18,0,0.66,5.732,42.4,6.3747,2,562,12.5,345.48,30.28,18.6
0.2039,80.0,4.41,0,0.471,6.157,15.6,7.6354,6,195,15.6,382.23,24.99,27.6
4.48201,80.0,0.82,0,0.409,5.459,67.2,4.5814,9,618,20.1,329.93,22.08,14.6
1.8115,95.0,12.11,0,0.676,4.451,53.4,11.8196,17,311,18.1,363.87,7.2,24.6
2.22947,80.0,8.61,0,0.754,6.34,64.7,8.3409,14,427,19.8,364.46,32.0,17.9
1.74354,18.0,13.87,0,0.636,6.626,35.1,1.4823,7,452,19.2,349.65,36.55,18.2
1.53629,12.5,16.37,1,0.491,6.383,90.9,4.5928,22,528,17.0,286.88,2.51,34.4
2.46049,80.0,1.7,0,0.707,4.835,59.6,7.8565,19,663,12.4,380.02,3.89,26.5
0.50611,25.0,3.88,0,0.419,5.954,10.4,1.6197,1,536,17.8,315.44,33.73,13.5
0.60242,60.0,15.86,0,0.596,4.647,46.1,1.2627,20,497,12.5,256.63,31.18,9.0
5.93685,25.0,9.94,0,0.46,7.159,76.1,5.9503,15,227,18.0,286.69,23.86,25.0
8.76274,80.0,20.55,0,0.47,5.44,79.8,4.6596,18,189,20.0,364.83,35.96,8.2
1.40191,95.0,18.44,0,0.479,7.079,50.5,5.8213,3,412,17.8,260.37,24.92,25.3
0.94719,60.0,23.75,0,0.569,6.862,89.7,3.8896,18,215,22.0,272.1,8.99,32.1
3.09847,40.0,19.54,0,0.405,5.57,28.2,2.8119,2,592,16.6,354.13,27.96,10.5
1.57647,25.0,12.32,0,0.575,5.407,42.2,8.5806,10,641,19.5,383.89,24.89,24.7
0.07714,95.0,19.01,0,0.631,6.445,90.1,6.6603,11,183,18.7,345.06,37.47,17.3
0.50935,12.5,8.07,0,0.617,5.609,89.8,3.2017,24,223,21.9,283.34,8.91,20.6
3.77605,12.5,8.92,0,0.568,6.272,69.2,4.5155,3,434,19.1,258.01,23.12,23.7
3.22695,25.0,22.2,0,0.791,5.862,86.2,7.5099,7,293,13.6,342.27,29.87,17.4
0.08241,80.0,12.78,0,0.451,4.953,10.7,1.7945,8,576,21.6,257.11,13.54,19.1
0.75298,95.0,22.46,0,0.628,4.639,86.8,2.622,19,353,18.7,341.91,15.05,21.8
0.78828,12.5,23.12,0,0.41,6.359,33.4,1.8057,18,434,12.6,283.84,33.85,15.6
3.34324,40.0,24.08,0,0.415,5.807,19.5,9.9355,13,645,18.6,385.7,15.96,25.3
0.05972,0.0,25.71,0,0.661,5.813,25.5,9.2765,13,456,20.8,321.26,24.12,19.1
0.32981,80.0,12.35,0,0.657,6.687,43.0,9.2864,24,643,17.8,283.59,33.9,17.0
4.82706,95.0,9.27,0,0.81,7.021,26.6,8.8796,19,681,15.5,377.97,8.76,32.9
0.59003,40.0,16.51,0,0.653,6.009,33.4,8.3632,23,620,20.2,288.11,37.33,10.4
3.1731,95.0,10.71,0,0.85,5.962,15.2,6.2469,12,248,19.8,295.99,26.97,19.6
0.81615,60.0,17.03,0,0.404,6.55,31.0,8.0651,17,688,17.4,375.14,19.36,28.4
0.31422,40.0,19.9,0,0.428,5.25,58.1,1.422,22,505,13.5,296.32,16.94,26.3
0.83586,80.0,19.43,0,0.402,6.356,45.3,7.8361,12,246,14.5,311.52,36.31,20.4
3.84328,60.0,10.8,0,0.471,6.586,36.0,9.5567,13,483,19.4,302.15,8.61,35.5
5.80751,80.0,5.09,0,0.645,6.676,75.2,6.5039,12,663,20.1,267.46,12.53,28.2
5.31975,12.5,12.34,0,0.696,4.844,89.6,4.9326,19,596,14.8,255.83,12.39,19.3
1.51843,0.0,4.42,0,0.402,5.667,76.2,4.0517,14,338,15.7,358.68,11.69,29.0
3.30863,80.0,24.98,0,0.844,5.585,34.5,8.0708,7,328,12.8,346.77,18.34,21.1
0.68818,80.0,10.01,1,0.793,6.27,75.0,8.6208,13,206,19.1,292.35,37.6,16.2
1.0408,12.5,4.75,0,0.525,6.537,16.9,10.5806,6,427,12.0,294.34,33.89,21.3
6.7998,18.0,1.2,0,0.418,7.248,14.8,4.7657,24,280,12.5,391.75,13.13,37.5
0.03926,12.5,18.26,0,0.463,5.854,35.9,9.4675,19,275,12.0,398.15,16.65,26.7
0.26816,60.0,18.01,0,0.442,5.852,81.2,7.1749,19,563,18.5,321.02,25.77,21.1
0.69915,12.5,9.87,0,0.44,7.005,26.1,10.7112,4,461,16.2,370.37,1.63,33.7
0.08067,12.5,2.47,0,0.634,6.408,8.2,6.8059,19,501,15.0,360.5,31.35,23.5
0.60061,0.0,11.76,1,0.5,7.087,14.9,6.6939,9,575,21.1,294.6,33.55,22.7
2.62431,12.5,9.06,0,0.555,6.402,86.2,7.3566,16,457,13.9,258.78,32.72,17.8
1.64156,95.0,19.12,0,0.865,5.39,64.1,9.2425,4,708,15.9,271.38,14.88,22.5
6.69559,80.0,17.16,0,0.715,5.267,26.8,11.6116,6,442,21.4,375.74,18.09,19.8
5.10209,95.0,10.53,0,0.845,5.114,56.4,1.8092,8,472,16.3,359.68,1.46,29.1
1.25482,0.0,6.49,1,0.45,6.663,53.7,1.5878,24,473,17.5,349.65,15.78,24.2
0.90098,25.0,27.67,0,0.567,7.032,66.2,11.3131,16,574,12.8,269.6,18.04,32.6
1.43262,18.0,12.99,0,0.652,7.495,24.9,6.8286,5,692,19.9,345.99,34.56,25.6
2.67695,95.0,19.43,0,0.418,6.79,86.7,7.7639,21,359,16.2,365.82,34.08,19.2
0.93619,0.0,4.37,0,0.382,7.014,32.3,6.3067,22,414,20.0,379.09,36.75,18.3
2.93569,60.0,13.85,0,0.709,5.794,70.0,2.0302,10,516,14.5,251.98,33.75,15.8
1.57991,25.0,1.26,0,0.694,5.391,3.6,9.449,23,187,16.2,352.67,1.3,31.1
2.4092,0.0,14.4,0,0.581,6.795,38.5,9.2195,13,622,19.9,252.86,24.73,23.6
1.71878,0.0,27.01,0,0.62,6.492,36.5,4.4287,14,718,21.7,356.03,3.52,36.9
1.0464,18.0,11.07,0,0.584,6.275,55.3,4.3686,7,270,12.6,345.34,11.09,25.1
8.8958,80.0,1.57,0,0.392,6.471,9.1,10.2163,20,451,20.1,272.25,22.4,21.2
4.32676,95.0,1.35,0,0.544,6.426,79.4,1.7959,6,184,15.0,364.92,26.92,23.9
0.45286,60.0,11.17,0,0.467,7.099,23.3,10.6922,7,398,17.5,260.25,25.22,26.7
6.08551,40.0,4.9,0,0.428,7.106,68.3,3.8233,5,297,14.9,373.96,2.82,34.1
2.00496,95.0,1.14,0,0.849,6.581,80.7,7.5228,21,294,18.1,289.29,4.83,34.8
6.74862,40.0,21.3,0,0.674,6.792,57.1,11.2959,18,442,15.5,353.33,5.76,30.9
4.82614,0.0,13.11,0,0.737,6.56,74.6,8.4593,23,485,15.3,388.55,4.38,32.4
1.66127,12.5,8.45,0,0.535,5.877,66.9,5.5587,12,601,12.4,300.97,7.59,32.6
0.06818,60.0,25.25,0,0.573,6.73,36.8,8.5849,6,386,13.5,325.43,26.47,26.5
0.9387,25.0,3.69,0,0.496,5.224,81.3,4.7838,1,482,21.2,319.47,31.74,15.7
2.34026,12.5,26.79,0,0.428,6.938,30.9,4.0498,4,291,22.0,273.64,16.13,26.2
3.01109,12.5,9.13,0,0.468,5.364,58.0,11.9635,19,596,19.8,338.55,26.63,16.6
0.89476,95.0,24.93,0,0.771,6.4,75.0,9.2587,12,464,14.9,361.45,8.4,31.6
0.45022,60.0,17.08,0,0.712,5.608,39.1,8.0919,15,364,16.0,387.53,37.01,18.2
5.40416,80.0,23.23,1,0.648,6.587,31.7,4.9082,3,400,19.4,377.62,13.95,23.2
12.48187,0.0,27.56,0,0.613,6.176,47.0,1.5408,23,623,21.7,326.5,32.3,14.1
2.23768,0.0,8.43,0,0.832,5.084,82.2,1.3416,20,296,16.6,357.85,35.98,15.4
0.56506,0.0,26.93,0,0.416,6.494,93.1,7.096,8,249,20.3,370.12,32.99,23.5
0.95363,0.0,11.21,0,0.517,5.795,55.4,9.3824,11,249,21.8,324.02,3.48,31.1
0.05569,95.0,11.1,0,0.551,6.817,66.8,6.9112,16,606,20.7,267.31,25.06,29.3
7.37067,40.0,9.86,0,0.763,6.201,90.5,10.2486,9,622,14.3,315.69,5.44,28.8
0.37584,0.0,15.39,0,0.866,6.477,11.7,1.3677,3,316,12.1,376.37,1.21,30.7
2.57772,40.0,4.74,0,0.498,5.53,24.7,5.0343,5,683,16.9,339.5,2.92,32.6
0.96084,40.0,15.73,0,0.808,5.787,71.5,3.6078,20,310,17.3,358.67,34.9,19.4
2.42351,80.0,15.4,0,0.787,5.879,82.7,5.92,14,397,14.0,277.79,34.61,19.7
3.16167,0.0,21.45,0,0.49,6.8,86.0,1.7961,15,350,14.8,394.65,9.36,29.5
5.31132,18.0,23.43,1,0.576,7.374,42.7,11.4954,6,654,19.7,310.61,21.24,28.7
0.69361,25.0,12.61,1,0.581,5.636,10.8,3.4558,4,308,16.7,348.05,36.34,16.8
0.03317,12.5,8.81,0,0.859,6.954,44.9,11.1454,8,236,15.2,252.83,19.38,29.0
0.44162,40.0,7.63,0,0.469,4.681,24.6,5.6848,19,360,18.2,269.1,15.56,25.2
6.90831,60.0,5.85,0,0.772,5.364,30.5,11.8408,5,425,18.5,367.31,18.88,19.8
6.2118,60.0,2.09,0,0.544,5.529,77.7,7.0946,13,323,19.7,395.2,30.24,15.9
2.72953,25.0,9.92,0,0.738,5.253,9.4,11.2392,16,230,13.6,298.01,18.66,22.0
2.75275,60.0,7.93,0,0.586,5.091,83.1,1.0588,1,547,19.4,255.58,29.98,17.5
3.2812,18.0,27.08,0,0.663,6.489,43.9,9.2306,13,638,18.0,304.13,16.97,26.4
0.57847,60.0,15.84,0,0.788,6.05,60.4,10.9336,22,397,12.6,252.62,10.32,31.7
7.37463,12.5,10.05,0,0.774,6.466,10.8,2.5369,11,436,19.8,278.86,13.08,33.0
1.62783,12.5,16.46,1,0.805,6.683,35.1,2.0574,21,335,15.8,362.87,3.88,33.0
1.44933,40.0,4.33,0,0.409,6.386,10.8,5.6703,8,621,15.3,390.56,19.4,25.1
2.19515,0.0,12.71,0,0.719,6.66,96.2,11.2705,8,204,16.5,263.12,6.48,36.0
0.14431,80.0,17.72,0,0.449,6.151,81.1,6.9663,24,715,15.5,333.69,31.03,24.8
0.54559,18.0,13.94,0,0.584,5.369,47.0,6.802,14,239,15.4,288.08,16.56,25.0
4.01862,40.0,11.55,0,0.649,6.94,23.9,2.5524,13,646,20.1,270.86,29.31,20.1
0.25928,18.0,27.83,0,0.577,5.788,93.5,1.0087,3,613,13.2,282.85,36.32,15.5
2.77261,0.0,24.71,0,0.635,5.545,35.8,9.9115,4,245,21.7,336.66,32.43,18.4
0.8445,95.0,17.64,0,0.868,6.075,17.8,1.9633,20,285,17.5,259.77,36.2,13.6
1.47943,60.0,16.16,0,0.446,5.561,57.2,7.9723,15,275,13.8,315.13,22.01,17.8
1.02196,60.0,17.57,0,0.711,5.908,94.5,11.0608,15,347,13.3,270.28,7.12,28.9
1.31865,80.0,6.04,0,0.574,6.441,2.4,3.2952,21,221,17.9,290.9,35.61,19.7
3.80869,0.0,11.37,0,0.445,6.444,25.3,8.318,13,283,18.3,278.61,33.13,14.5
1.05771,40.0,1.59,0,0.458,5.572,94.0,1.8657,9,383,12.5,382.45,32.98,13.6
2.50693,80.0,13.58,0,0.845,5.859,18.8,7.6413,10,699,14.4,356.2,26.65,20.6
1.93908,0.0,15.43,0,0.811,6.952,13.1,2.8032,12,461,20.0,380.27,24.12,28.7
3.269,25.0,6.76,0,0.824,6.547,57.9,9.0955,14,222,12.5,307.52,1.54,35.8
8.28576,12.5,27.01,0,0.866,7.653,86.5,4.3135,1,289,20.6,297.01,28.68,26.2
3.95672,80.0,25.51,0,0.482,7.026,48.8,6.0973,14,389,18.6,307.09,4.39,38.3
0.72599,80.0,20.36,0,0.554,7.001,99.5,7.5937,14,228,16.3,252.78,10.61,37.4
0.09504,40.0,15.17,0,0.708,5.228,68.6,2.884,8,294,15.5,358.71,21.41,24.6
0.91251,18.0,24.42,0,0.617,6.735,9.3,9.158,16,334,12.2,302.47,17.71,21.8
2.71218,25.0,4.09,1,0.585,6.163,99.3,4.329,14,682,20.3,297.0,1.58,33.7
0.15839,40.0,22.24,0,0.555,5.814,42.0,8.2861,1,250,13.4,339.72,31.49,20.2
2.05772,0.0,3.93,0,0.671,6.318,30.2,2.7411,16,698,15.1,315.44,33.52,23.3
2.72529,0.0,22.34,0,0.662,6.862,56.7,8.5693,18,515,17.7,397.13,26.23,25.8
1.2205,0.0,8.08,0,0.459,6.551,31.8,2.4101,7,246,14.5,303.44,21.02,22.9
4.42095,95.0,24.62,0,0.611,5.585,10.5,5.6789,15,672,17.0,342.08,36.55,11.2
0.33816,0.0,26.46,0,0.651,6.72,2.1,3.7193,24,392,20.1,296.75,5.44,32.0
0.23433,18.0,4.59,0,0.659,5.754,46.1,9.2321,17,360,16.7,398.59,28.3,19.8
3.90794,25.0,13.22,0,0.483,6.352,84.0,3.8824,19,427,21.5,316.77,5.75,30.5
2.05251,60.0,27.48,0,0.744,5.988,58.1,10.6989,23,393,20.5,345.12,15.13,16.9
3.49813,12.5,13.79,0,0.392,6.047,99.9,10.81,13,538,15.3,269.01,22.66,18.8
1.71187,18.0,24.25,0,0.554,6.736,30.1,3.1609,9,428,16.0,359.95,28.27,21.2
0.84869,18.0,16.69,0,0.762,5.472,29.5,7.7523,24,695,16.2,290.38,1.14,27.1
5.12947,95.0,10.82,0,0.656,7.562,17.7,1.9649,24,267,18.3,317.29,10.64,30.5
4.81956,60.0,8.36,0,0.508,4.925,18.1,5.3069,15,355,14.9,382.47,20.91,24.7
3.55935,60.0,6.09,0,0.721,5.782,29.9,8.8465,3,605,21.7,395.58,20.72,22.2
0.95296,12.5,21.45,0,0.658,6.459,79.7,8.2537,24,260,18.1,313.69,24.59,22.2
2.67648,12.5,11.13,0,0.77,6.609,90.8,7.8717,1,317,16.0,375.22,12.24,31.9
1.34343,60.0,14.56,0,0.74,6.13,97.6,4.1079,16,612,18.5,258.0,21.0,27.3
0.28815,0.0,14.04,0,0.679,6.16,24.8,5.1583,8,649,16.0,377.14,8.02,37.3
7.4781,18.0,16.38,0,0.619,6.487,88.4,2.1324,23,529,20.2,344.43,7.91,36.0
0.44139,40.0,24.3,0,0.445,6.038,34.2,8.9093,13,305,17.7,323.31,22.33,24.2
9.00147,12.5,27.47,0,0.508,7.175,13.1,6.5428,8,488,12.4,383.49,26.36,19.6
1.7718,95.0,11.71,0,0.585,6.788,87.3,8.7964,17,409,13.8,376.8,5.45,31.2
